"artist","album_name","price","source_url"
"Max Webster","Max Webster","80","https://www.facebook.com/marketplace/item/852543067810473"
"Max Webster","A Million Vacations","80","https://www.facebook.com/marketplace/item/852543067810473"
"Max Webster","Mutiny Up My Sleeve","80","https://www.facebook.com/marketplace/item/852543067810473"
"Max Webster","Universal Juveniles","80","https://www.facebook.com/marketplace/item/852543067810473"
"Kim Mitchell","Akimbo Alogo","80","https://www.facebook.com/marketplace/item/852543067810473"
"Maurice Jarre","Doctor Zhivago (Original Sound Track Album)","5","https://www.facebook.com/marketplace/item/1087715654184910"
"Various Artists","They Call It An Accident (Original Sound Track)","5","https://www.facebook.com/marketplace/item/1087715654184910"
"Various Artists","An Officer and a Gentleman (Original Soundtrack)","5","https://www.facebook.com/marketplace/item/1087715654184910"
"Various Artists","Stand By Me (Original Motion Picture Soundtrack)","5","https://www.facebook.com/marketplace/item/1087715654184910"
"Various Artists","Miami Vice (Music From The Television Series)","5","https://www.facebook.com/marketplace/item/1087715654184910"
"Various Artists","""About Last Night..."" (Music From The Motion Picture)","5","https://www.facebook.com/marketplace/item/1087715654184910"
"Various Artists","Diner (Original Motion Picture Soundtrack)","5","https://www.facebook.com/marketplace/item/1087715654184910"
"Various Artists","The King of Comedy (Original Motion Picture Soundtrack)","5","https://www.facebook.com/marketplace/item/1087715654184910"
"Jeff Barry / Various Artists","The Idolmaker (Original Motion Picture Soundtrack)","5","https://www.facebook.com/marketplace/item/1087715654184910"
"Various Artists","Against All Odds (Original Soundtrack)","5","https://www.facebook.com/marketplace/item/1087715654184910"
"Artists United Against Apartheid","Sun City","5","https://www.facebook.com/marketplace/item/1087715654184910"
"Various Artists","The Jewel of the Nile (Music From The Motion Picture Soundtrack)","5","https://www.facebook.com/marketplace/item/1087715654184910"
"Various Artists","Flashdance (Original Soundtrack from the Motion Picture)","5","https://www.facebook.com/marketplace/item/1087715654184910"
"Various Artists","Cocktail (Original Motion Picture Soundtrack)","5","https://www.facebook.com/marketplace/item/1087715654184910"
"Various Artists","TAP (Original Motion Picture Soundtrack)","5","https://www.facebook.com/marketplace/item/1087715654184910"
"Various Artists","Americathon (Original Motion Picture Soundtrack)","5","https://www.facebook.com/marketplace/item/1087715654184910"
"Various Artists","Soul Man (Original Motion Picture Soundtrack)","5","https://www.facebook.com/marketplace/item/1087715654184910"
"Rodgers & Hammerstein","The Sound of Music (An Original Soundtrack Recording)","5","https://www.facebook.com/marketplace/item/1087715654184910"
"Various Artists","The Big Chill (Original Motion Picture Soundtrack)","5","https://www.facebook.com/marketplace/item/1087715654184910"
"Various Artists","Good Morning, Vietnam (Original Motion Picture Soundtrack)","5","https://www.facebook.com/marketplace/item/1087715654184910"
"David Foster / Various Artists","St. Elmo's Fire (Original Motion Picture Soundtrack)","5","https://www.facebook.com/marketplace/item/1087715654184910"
"Various Artists","Coupe de Ville (Original Motion Picture Soundtrack)","5","https://www.facebook.com/marketplace/item/1087715654184910"
"Phil Collins / Various Artists","Buster (Original Motion Picture Soundtrack)","5","https://www.facebook.com/marketplace/item/1087715654184910"
"Def Leppard","Pyromania","10","https://www.facebook.com/marketplace/item/1368801715338791"
"Asia","Alpha","10","https://www.facebook.com/marketplace/item/1368801715338791"
"Robert Plant","Pictures at Eleven","10","https://www.facebook.com/marketplace/item/1368801715338791"
"Al Stewart","Year of the Cat","10","https://www.facebook.com/marketplace/item/1368801715338791"
"Steve Winwood","Back in the High Life","10","https://www.facebook.com/marketplace/item/1368801715338791"
"Trooper","Thick as Thieves","10","https://www.facebook.com/marketplace/item/1368801715338791"
"Neil Young","Comes a Time","10","https://www.facebook.com/marketplace/item/1368801715338791"
"The Cars","Greatest Hits","10","https://www.facebook.com/marketplace/item/1368801715338791"
"Mike + The Mechanics","Mike + The Mechanics","10","https://www.facebook.com/marketplace/item/1368801715338791"
"Bob Seger & The Silver Bullet Band","Against the Wind","10","https://www.facebook.com/marketplace/item/1368801715338791"
"Bruce Springsteen","Nebraska","10","https://www.facebook.com/marketplace/item/1368801715338791"
"Jefferson Starship","Earth","10","https://www.facebook.com/marketplace/item/1368801715338791"
"Al Stewart","The Early Years","10","https://www.facebook.com/marketplace/item/1368801715338791"
".38 Special","Tour de Force","10","https://www.facebook.com/marketplace/item/1368801715338791"
"Marvin Gaye","Great Songs and Performances","10","https://www.facebook.com/marketplace/item/1368801715338791"
"The Police","Ghost in the Machine","10","https://www.facebook.com/marketplace/item/1368801715338791"
"The Police","Every Breath You Take: The Singles","10","https://www.facebook.com/marketplace/item/1368801715338791"
"The Police","Reggatta de Blanc","10","https://www.facebook.com/marketplace/item/1368801715338791"
"The Police","Synchronicity","10","https://www.facebook.com/marketplace/item/1368801715338791"
"April Wine","Power Play","10","https://www.facebook.com/marketplace/item/1368801715338791"
"Boston","Don't Look Back","10","https://www.facebook.com/marketplace/item/1368801715338791"
"David Bowie","The Man Who Sold the World","45","https://www.facebook.com/marketplace/item/917330981146067"
"John Lennon","Live in New York City","15","https://www.facebook.com/marketplace/item/1103855952198674"
"Various Artists","Rockin' on the Airwaves","15","https://www.facebook.com/marketplace/item/1103855952198674"
"Stray Cats","Built for Speed","15","https://www.facebook.com/marketplace/item/1103855952198674"
"10cc","Live and Let Live","15","https://www.facebook.com/marketplace/item/1103855952198674"
"Quiet Riot","Condition Critical","15","https://www.facebook.com/marketplace/item/1103855952198674"
"Quiet Riot","Metal Health","15","https://www.facebook.com/marketplace/item/1103855952198674"
"Rick Wakeman","The Six Wives of Henry VIII","15","https://www.facebook.com/marketplace/item/1103855952198674"
"Joe Cocker","Joe Cocker's Greatest Hits","15","https://www.facebook.com/marketplace/item/1103855952198674"
"Eagles","One of These Nights","15","https://www.facebook.com/marketplace/item/1103855952198674"
"Eagles","Desperado","15","https://www.facebook.com/marketplace/item/1103855952198674"
"The English Beat","I Just Can't Stop It","15","https://www.facebook.com/marketplace/item/1103855952198674"
"Eric Carmen","Boats Against the Current","15","https://www.facebook.com/marketplace/item/1103855952198674"
"Eric Clapton","Backless","15","https://www.facebook.com/marketplace/item/1103855952198674"
"The Bop Cats","The Bop Cats","15","https://www.facebook.com/marketplace/item/1103855952198674"
"The Who","Rarities Vol. 2 (1970–1976)","35","https://www.facebook.com/marketplace/item/2258180628304356"
"Def Leppard","The Story So Far: The Best Of","35","https://www.facebook.com/marketplace/item/2258180628304356"
"Prince and the Revolution","Purple Rain","35","https://www.facebook.com/marketplace/item/2258180628304356"
"Frank Zappa","Sheik Yerbouti","35","https://www.facebook.com/marketplace/item/2258180628304356"
"Seether","Disclaimer II","35","https://www.facebook.com/marketplace/item/2258180628304356"
"Neil Diamond","Hot August Night II","35","https://www.facebook.com/marketplace/item/2258180628304356"
"Dokken","Greatest Hits","35","https://www.facebook.com/marketplace/item/2258180628304356"
"Vic Ruggiero","Stuff in My Pockets","35","https://www.facebook.com/marketplace/item/2258180628304356"
"PUP","This Place Sucks Ass","35","https://www.facebook.com/marketplace/item/2258180628304356"
"The Beatles","Let It Be","35","https://www.facebook.com/marketplace/item/2258180628304356"
"Willie Nelson","Pretty Paper","35","https://www.facebook.com/marketplace/item/2258180628304356"
"Big Wreck","Pages","35","https://www.facebook.com/marketplace/item/2258180628304356"
"Judas Priest","British Steel","35","https://www.facebook.com/marketplace/item/2258180628304356"
"Testament","Brotherhood of the Snake","35","https://www.facebook.com/marketplace/item/2258180628304356"
"The Who","The Who Sell Out","35","https://www.facebook.com/marketplace/item/2258180628304356"
"Grateful Dead","Built to Last","35","https://www.facebook.com/marketplace/item/2258180628304356"
"Pink Floyd","Obscured by Clouds","35","https://www.facebook.com/marketplace/item/2258180628304356"
"INXS","Full Moon, Dirty Hearts","35","https://www.facebook.com/marketplace/item/2258180628304356"
"Sublime","Greatest Hits","35","https://www.facebook.com/marketplace/item/2258180628304356"
"Sun Ra","Standards","35","https://www.facebook.com/marketplace/item/2258180628304356"
"Pusha T","It's Almost Dry","35","https://www.facebook.com/marketplace/item/2258180628304356"
"The Beatles","Yellow Submarine","35","https://www.facebook.com/marketplace/item/2258180628304356"
"Jann Arden","Blood Red Cherry","35","https://www.facebook.com/marketplace/item/2258180628304356"
"Santana","Abraxas","40","https://www.facebook.com/marketplace/item/1603143684673413"
"Walt Disney Productions","Mousercise","10","https://www.facebook.com/marketplace/item/1750792055978536"
"Mitch Miller","A Golden Treasury of Mother Goose and Nursery Songs","10","https://www.facebook.com/marketplace/item/1750792055978536"
"Dr. Seuss","The Cat in the Hat Songbook","10","https://www.facebook.com/marketplace/item/1750792055978536"
"Zero Mostel","How the Grinch Stole Christmas","10","https://www.facebook.com/marketplace/item/1750792055978536"
"Paul Simon","The Rhythm of the Saints","15","https://www.facebook.com/marketplace/item/1079577448140389"
"Bruce Springsteen","The River","15","https://www.facebook.com/marketplace/item/1079577448140389"
"The Rolling Stones","30 Greatest Hits","15","https://www.facebook.com/marketplace/item/1079577448140389"
"Yes","Yessongs","15","https://www.facebook.com/marketplace/item/1079577448140389"
"Bob Dylan","Slow Train Coming","15","https://www.facebook.com/marketplace/item/1079577448140389"
"Ozzy Osbourne","Blizzard of Ozz","15","https://www.facebook.com/marketplace/item/1079577448140389"
"Talking Heads","Fear of Music","15","https://www.facebook.com/marketplace/item/1079577448140389"
"Elton John","Goodbye Yellow Brick Road","15","https://www.facebook.com/marketplace/item/1079577448140389"
"Jethro Tull","Aqualung","15","https://www.facebook.com/marketplace/item/1079577448140389"
"Fleetwood Mac","Rumours","15","https://www.facebook.com/marketplace/item/1079577448140389"
"Grateful Dead","Skeletons from the Closet: The Best of Grateful Dead","15","https://www.facebook.com/marketplace/item/1079577448140389"
"Kraftwerk","Electric Cafe","15","https://www.facebook.com/marketplace/item/1079577448140389"
"Pink Floyd","A Momentary Lapse of Reason","15","https://www.facebook.com/marketplace/item/1079577448140389"
"Rush","Grace Under Pressure","15","https://www.facebook.com/marketplace/item/1079577448140389"
"Led Zeppelin","In Through the Out Door","15","https://www.facebook.com/marketplace/item/1079577448140389"
"The Steve Miller Band","Book of Dreams","15","https://www.facebook.com/marketplace/item/1079577448140389"
"Bob Dylan","Infidels","15","https://www.facebook.com/marketplace/item/1079577448140389"
"Uriah Heep","Salisbury","15","https://www.facebook.com/marketplace/item/1079577448140389"
"Led Zeppelin","Led Zeppelin II","15","https://www.facebook.com/marketplace/item/1079577448140389"
"Neil Young","A Letter Home","15","https://www.facebook.com/marketplace/item/942168038946958"
"Neil Young","The Times","15","https://www.facebook.com/marketplace/item/942168038946958"
"Neil Young & Crazy Horse","Re-ac-tor","15","https://www.facebook.com/marketplace/item/942168038946958"
"Neil Young","Harvest","15","https://www.facebook.com/marketplace/item/942168038946958"
"Neil Young","Young Shakespeare","15","https://www.facebook.com/marketplace/item/942168038946958"
"Neil Young","Harvest Moon","15","https://www.facebook.com/marketplace/item/942168038946958"
"Neil Young & Crazy Horse","Rust Never Sleeps","15","https://www.facebook.com/marketplace/item/942168038946958"
"Neil Young","Hawks & Doves","15","https://www.facebook.com/marketplace/item/942168038946958"
"Neil Young","After the Gold Rush","15","https://www.facebook.com/marketplace/item/942168038946958"
"Crosby, Stills, Nash & Young","Déjà Vu","15","https://www.facebook.com/marketplace/item/942168038946958"
"Neil Young and The Shocking Pinks","Everybody's Rockin'","15","https://www.facebook.com/marketplace/item/942168038946958"
"Neil Young","Journey Through The Past","15","https://www.facebook.com/marketplace/item/942168038946958"
"Joan Jett and the Blackhearts","Up Your Alley","20","https://www.facebook.com/marketplace/item/1542781973842988"
"Judas Priest","The Best of Judas Priest","20","https://www.facebook.com/marketplace/item/1542781973842988"
"Thin Lizzy","Black Rose: A Rock Legend","20","https://www.facebook.com/marketplace/item/1542781973842988"
"Eagles","The Long Run","20","https://www.facebook.com/marketplace/item/1542781973842988"
"Foreigner","Records","20","https://www.facebook.com/marketplace/item/1542781973842988"
"Sex Pistols","Never Mind the Bollocks, Here's the Sex Pistols","20","https://www.facebook.com/marketplace/item/1542781973842988"
"ABBA","Greatest Hits Vol. 2","20","https://www.facebook.com/marketplace/item/1542781973842988"
"The Cult","She Sells Sanctuary","20","https://www.facebook.com/marketplace/item/1542781973842988"
"Dio","Sacred Heart","20","https://www.facebook.com/marketplace/item/1542781973842988"
"UFO","No Place to Run","20","https://www.facebook.com/marketplace/item/1542781973842988"
"ABBA","Super Trouper","20","https://www.facebook.com/marketplace/item/1542781973842988"
"Joe Satriani","Surfing with the Alien","20","https://www.facebook.com/marketplace/item/1542781973842988"
"Van Morrison","Avalon Sunset","20","https://www.facebook.com/marketplace/item/1542781973842988"
"Carlos Santana","Havana Moon","20","https://www.facebook.com/marketplace/item/1542781973842988"
"Traffic","The Low Spark of High Heeled Boys","20","https://www.facebook.com/marketplace/item/1542781973842988"
"Badfinger","Wish You Were Here","20","https://www.facebook.com/marketplace/item/1542781973842988"
"Cinderella","Night Songs","20","https://www.facebook.com/marketplace/item/1542781973842988"
"Great White","Once Bitten","20","https://www.facebook.com/marketplace/item/1542781973842988"
"David Bowie","Tonight","20","https://www.facebook.com/marketplace/item/1542781973842988"
"Stevie Nicks","The Other Side of the Mirror","20","https://www.facebook.com/marketplace/item/1542781973842988"
"Gen X","Kiss Me Deadly","20","https://www.facebook.com/marketplace/item/1542781973842988"
"Joe Satriani","Flying in a Blue Dream","20","https://www.facebook.com/marketplace/item/1542781973842988"
"Helix","Breaking Loose","20","https://www.facebook.com/marketplace/item/1542781973842988"
"Ace Frehley","10,000 Volts","20","https://www.facebook.com/marketplace/item/1542781973842988"
"Whitesnake","Trouble","20","https://www.facebook.com/marketplace/item/1542781973842988"
"Whitesnake","Slide It In","20","https://www.facebook.com/marketplace/item/1542781973842988"
"Blondie","The Hunter","5","https://www.facebook.com/marketplace/item/1756936245610304"
"The Hooters","One Way Home","5","https://www.facebook.com/marketplace/item/1756936245610304"
"Glenn Frey","No Fun Aloud","5","https://www.facebook.com/marketplace/item/1756936245610304"
"Blackfoot","Strikes","5","https://www.facebook.com/marketplace/item/1756936245610304"
"Suzi Quatro","Suzi Quatro","5","https://www.facebook.com/marketplace/item/1756936245610304"
"John Waite","No Brakes","5","https://www.facebook.com/marketplace/item/1756936245610304"
"Ian Dury & The Blockheads","Do It Yourself","5","https://www.facebook.com/marketplace/item/1756936245610304"
"Blackfoot","Marauder","5","https://www.facebook.com/marketplace/item/1756936245610304"
"Suzi Quatro","Suzi... and Other Four Letter Words","5","https://www.facebook.com/marketplace/item/1756936245610304"
"John Waite","Ignition","5","https://www.facebook.com/marketplace/item/1756936245610304"
"The Babys","On the Edge","5","https://www.facebook.com/marketplace/item/1756936245610304"
"England Dan & John Ford Coley","Dowdy Ferry Road","5","https://www.facebook.com/marketplace/item/1756936245610304"
"Robin Trower","Victims of the Fury","5","https://www.facebook.com/marketplace/item/1756936245610304"
"The Babys","Anthology","5","https://www.facebook.com/marketplace/item/1756936245610304"
"The Babys","Head First","5","https://www.facebook.com/marketplace/item/1756936245610304"
"The Babys","The Babys","5","https://www.facebook.com/marketplace/item/1756936245610304"
"The Babys","Broken Heart","5","https://www.facebook.com/marketplace/item/1756936245610304"
"Kenny Loggins","Keep the Fire","5","https://www.facebook.com/marketplace/item/1756936245610304"
"Chris de Burgh","Best Moves","5","https://www.facebook.com/marketplace/item/1756936245610304"
"Scandal Featuring Patty Smyth","Warrior","5","https://www.facebook.com/marketplace/item/1756936245610304"
"Scandal","Scandal","5","https://www.facebook.com/marketplace/item/1756936245610304"
"Cheryl Ladd","Dance Forever","4","https://www.facebook.com/marketplace/item/1586957406400672"
"Cheryl Ladd","Cheryl Ladd","4","https://www.facebook.com/marketplace/item/1586957406400672"
"Leif Garrett","Leif Garrett","4","https://www.facebook.com/marketplace/item/1586957406400672"
"Leif Garrett","Can't Explain","4","https://www.facebook.com/marketplace/item/1586957406400672"
"Leif Garrett","Same Goes For You","4","https://www.facebook.com/marketplace/item/1586957406400672"
"Rex Smith","Sooner or Later","4","https://www.facebook.com/marketplace/item/1586957406400672"
"Rex Smith","Everlasting Love","4","https://www.facebook.com/marketplace/item/1586957406400672"
"Rex Smith","Rex Smith (Autographed)","4","https://www.facebook.com/marketplace/item/1586957406400672"
"Shaun Cassidy","Shaun Cassidy","4","https://www.facebook.com/marketplace/item/1586957406400672"
"Shaun Cassidy","Born Late","4","https://www.facebook.com/marketplace/item/1586957406400672"
"Shaun Cassidy","Under Wraps","4","https://www.facebook.com/marketplace/item/1586957406400672"
"Shaun Cassidy","Room Service","4","https://www.facebook.com/marketplace/item/1586957406400672"
"Shaun Cassidy","Shaun Cassidy Live","4","https://www.facebook.com/marketplace/item/1586957406400672"
"Barclay James Harvest","Time Honoured Ghosts","15","https://www.facebook.com/marketplace/item/1387467602934866"
"The Moody Blues","Days of Future Passed","15","https://www.facebook.com/marketplace/item/1387467602934866"
"Dr. Feelgood","Malpractice","15","https://www.facebook.com/marketplace/item/1387467602934866"
"Jethro Tull","Crest of a Knave","15","https://www.facebook.com/marketplace/item/1387467602934866"
"The Beatles","Hey Jude","15","https://www.facebook.com/marketplace/item/1387467602934866"
"Bob Seger & The Silver Bullet Band","'Live' Bullet","15","https://www.facebook.com/marketplace/item/1387467602934866"
"Happy the Man","Crafty Hands","15","https://www.facebook.com/marketplace/item/1387467602934866"
"The Beatles","The Beatles (White Album)","15","https://www.facebook.com/marketplace/item/1387467602934866"
"The Beatles","Abbey Road","15","https://www.facebook.com/marketplace/item/1387467602934866"
"Paul McCartney & Wings","Band on the Run","15","https://www.facebook.com/marketplace/item/1387467602934866"
"Daryl Hall & John Oates","Abandoned Luncheonette","15","https://www.facebook.com/marketplace/item/1387467602934866"
"McKenna Mendelson Blues","McKenna Mendelson Blues","15","https://www.facebook.com/marketplace/item/1387467602934866"
"The Beatles","Magical Mystery Tour","15","https://www.facebook.com/marketplace/item/1387467602934866"
"John Mayall","Moving On","15","https://www.facebook.com/marketplace/item/1387467602934866"
"Cat Stevens","Tea for the Tillerman","15","https://www.facebook.com/marketplace/item/1387467602934866"
"Eagles","Their Greatest Hits (1971-1975)","15","https://www.facebook.com/marketplace/item/1387467602934866"
"The Beatles","Sgt. Pepper's Lonely Hearts Club Band","15","https://www.facebook.com/marketplace/item/1387467602934866"
"Elton John","Elton John","10","https://www.facebook.com/marketplace/item/1271080338410404"
"Boney M.","Nightflight to Venus","10","https://www.facebook.com/marketplace/item/1271080338410404"
"Steve Goodman","Somebody Else's Troubles","10","https://www.facebook.com/marketplace/item/1271080338410404"
"Elton John","17-11-70","10","https://www.facebook.com/marketplace/item/1271080338410404"
"The Charlie Daniels Band","Nightrider","10","https://www.facebook.com/marketplace/item/1271080338410404"
"B.B. King","Guess Who","10","https://www.facebook.com/marketplace/item/1271080338410404"
"Simon & Garfunkel","Bookends","10","https://www.facebook.com/marketplace/item/1271080338410404"
"Joe Cocker","With a Little Help from My Friends","10","https://www.facebook.com/marketplace/item/1271080338410404"
"Chicago","Chicago","10","https://www.facebook.com/marketplace/item/1271080338410404"
"The Firesign Theatre","I Think We're All Bozos on This Bus","10","https://www.facebook.com/marketplace/item/1271080338410404"
"The J. Geils Band","Love Stinks","10","https://www.facebook.com/marketplace/item/1271080338410404"
"The Moody Blues","A Question of Balance","10","https://www.facebook.com/marketplace/item/1271080338410404"
"The Ozark Mountain Daredevils","Don't Look Down","10","https://www.facebook.com/marketplace/item/1271080338410404"
"Taylor Swift","Fearless (Taylor's Version)","50","https://www.facebook.com/marketplace/item/1937333120277458"
"Taylor Swift","1989 (Taylor's Version)","50","https://www.facebook.com/marketplace/item/1937333120277458"
"Taylor Swift","The Tortured Poets Department","50","https://www.facebook.com/marketplace/item/1937333120277458"
"Pink Floyd","The Wall","35","https://www.facebook.com/marketplace/item/1314310440598395"
"Pink Floyd","Animals","35","https://www.facebook.com/marketplace/item/1314310440598395"
"Ace of Base","Gold","35","https://www.facebook.com/marketplace/item/1314310440598395"
"Led Zeppelin","Led Zeppelin","35","https://www.facebook.com/marketplace/item/1314310440598395"
"Dr. Dre","The Chronic","35","https://www.facebook.com/marketplace/item/1314310440598395"
"Led Zeppelin","Led Zeppelin III","40","https://www.facebook.com/marketplace/item/1401860028527521"
"Led Zeppelin","Led Zeppelin IV","40","https://www.facebook.com/marketplace/item/1401860028527521"
"Led Zeppelin","Houses of the Holy","40","https://www.facebook.com/marketplace/item/1401860028527521"
"Led Zeppelin","Physical Graffiti","40","https://www.facebook.com/marketplace/item/1401860028527521"
"Led Zeppelin","Presence","40","https://www.facebook.com/marketplace/item/1401860028527521"
"Led Zeppelin","Coda","40","https://www.facebook.com/marketplace/item/1401860028527521"
".38 Special","Wild-Eyed Southern Boys","15","https://www.facebook.com/marketplace/item/1782913043124627"
".38 Special","Special Forces","15","https://www.facebook.com/marketplace/item/1782913043124627"
"Average White Band","Warmer Communications","15","https://www.facebook.com/marketplace/item/1782913043124627"
"Midnight Oil","Head Injuries","15","https://www.facebook.com/marketplace/item/1782913043124627"
"Night Ranger","Big Life","15","https://www.facebook.com/marketplace/item/1782913043124627"
"Dr. Hook","Sometimes You Win","15","https://www.facebook.com/marketplace/item/1782913043124627"
"The Who","Rarities Vol. 2","15","https://www.facebook.com/marketplace/item/1782913043124627"
"The Who","Rarities Vol. 1","15","https://www.facebook.com/marketplace/item/1782913043124627"
"Milli Vanilli","Girl You Know It's True","15","https://www.facebook.com/marketplace/item/1782913043124627"
"George Harrison","Thirty Three & 1/3","15","https://www.facebook.com/marketplace/item/1782913043124627"
"The Who","Tommy (Original Soundtrack Recording)","15","https://www.facebook.com/marketplace/item/1782913043124627"
"Buffalo Springfield","Retrospective: The Best of Buffalo Springfield","15","https://www.facebook.com/marketplace/item/1782913043124627"
"Riot","Fire Down Under","15","https://www.facebook.com/marketplace/item/1782913043124627"
"Marvin Gaye","Super Hits","15","https://www.facebook.com/marketplace/item/1782913043124627"
"Loudness","Hurricane Eyes","15","https://www.facebook.com/marketplace/item/1782913043124627"
"David Gilmour","David Gilmour","15","https://www.facebook.com/marketplace/item/1782913043124627"
"Scorpions","Animal Magnetism","15","https://www.facebook.com/marketplace/item/1782913043124627"
"The Monkees","Pool It!","25","https://www.facebook.com/marketplace/item/28286561954367508"
"Tyler Shaw","A Tyler Shaw Christmas","25","https://www.facebook.com/marketplace/item/28286561954367508"
"SCI","Believe","25","https://www.facebook.com/marketplace/item/28286561954367508"
"Frank Zappa","200 Motels","25","https://www.facebook.com/marketplace/item/28286561954367508"
"Tom Waits","Bone Machine","25","https://www.facebook.com/marketplace/item/28286561954367508"
"Cat Stevens","Catch Bull At Four","25","https://www.facebook.com/marketplace/item/28286561954367508"
"Prince","Welcome 2 America","25","https://www.facebook.com/marketplace/item/28286561954367508"
"Volbeat","Servant of the Mind","35","https://www.facebook.com/marketplace/item/2514072752428061"
"Foo Fighters","But Here We Are","35","https://www.facebook.com/marketplace/item/2514072752428061"
"Big Wreck","Pages: 1","35","https://www.facebook.com/marketplace/item/2514072752428061"
"Black Thought","Streams of Thought, Vol. 3: Cane & Able","35","https://www.facebook.com/marketplace/item/2514072752428061"
"Rosanne Cash","King's Record Shop","35","https://www.facebook.com/marketplace/item/2514072752428061"
"Beastie Boys","Hello Nasty","35","https://www.facebook.com/marketplace/item/2514072752428061"
"David Bowie","Bowie Now","35","https://www.facebook.com/marketplace/item/2514072752428061"
"Lorde","Solar Power","35","https://www.facebook.com/marketplace/item/1096974709528418"
"Alanis Morissette","Jagged Little Pill","35","https://www.facebook.com/marketplace/item/1096974709528418"
"The Smiths","Hatful of Hollow","35","https://www.facebook.com/marketplace/item/1096974709528418"
"The Smiths","Louder Than Bombs","35","https://www.facebook.com/marketplace/item/1096974709528418"
"The Smiths","Rank","35","https://www.facebook.com/marketplace/item/1096974709528418"
"Tina Turner","Foreign Affair","35","https://www.facebook.com/marketplace/item/1096974709528418"
"Avril Lavigne","Goodbye Lullaby","35","https://www.facebook.com/marketplace/item/1096974709528418"
"Amy Winehouse","Frank","35","https://www.facebook.com/marketplace/item/1096974709528418"
"Avril Lavigne","Head Above Water","35","https://www.facebook.com/marketplace/item/1096974709528418"
"Cher","Believe","35","https://www.facebook.com/marketplace/item/1096974709528418"
"Sheryl Crow","Evolution","35","https://www.facebook.com/marketplace/item/1096974709528418"
"The Cult","Pure Cult: The Singles 1984 - 1995","35","https://www.facebook.com/marketplace/item/1096974709528418"
"Michael Bublé","Nobody But Me","35","https://www.facebook.com/marketplace/item/1096974709528418"
"Michael Jackson","Thriller","35","https://www.facebook.com/marketplace/item/1096974709528418"
"Marvin Gaye","Live at the London Palladium","35","https://www.facebook.com/marketplace/item/1096974709528418"
"Margo Price","Strays","35","https://www.facebook.com/marketplace/item/1752675082568637"
"Red Hot Chili Peppers","Mother's Milk","35","https://www.facebook.com/marketplace/item/1752675082568637"
"Tina Turner","Break Every Rule","35","https://www.facebook.com/marketplace/item/1752675082568637"
"Envy of None","Envy of None","35","https://www.facebook.com/marketplace/item/1752675082568637"
"Adele","30","35","https://www.facebook.com/marketplace/item/1752675082568637"
"The Doors","The Doors","35","https://www.facebook.com/marketplace/item/1752675082568637"
"Joan Jett","Bad Reputation","35","https://www.facebook.com/marketplace/item/1752675082568637"
"Lights","PEP","35","https://www.facebook.com/marketplace/item/1752675082568637"
"Lizzo","Special","35","https://www.facebook.com/marketplace/item/1752675082568637"
"Loreena McKennitt","The Road Back Home","35","https://www.facebook.com/marketplace/item/1752675082568637"
"The Monkees","Greatest Hits","35","https://www.facebook.com/marketplace/item/1752675082568637"
"Green Day","Dookie","35","https://www.facebook.com/marketplace/item/1752675082568637"
"Kendrick Lamar","Mr. Morale & the Big Steppers","35","https://www.facebook.com/marketplace/item/1752675082568637"
"Green Day","Saviors","35","https://www.facebook.com/marketplace/item/1752675082568637"
"Alicia Keys","Songs in A Minor","35","https://www.facebook.com/marketplace/item/1752675082568637"
"Janelle Monáe","The Electric Lady","35","https://www.facebook.com/marketplace/item/1752675082568637"
"Brandy","The Best of Brandy","35","https://www.facebook.com/marketplace/item/1752675082568637"
"Joan Jett and the Blackhearts","I Love Rock 'n Roll","35","https://www.facebook.com/marketplace/item/1752675082568637"
"Loretta Lynn","Icon","35","https://www.facebook.com/marketplace/item/1752675082568637"
"Kacey Musgraves","Pageant Material","35","https://www.facebook.com/marketplace/item/1752675082568637"
"Kylie Minogue","Extension: The Extended Mixes","35","https://www.facebook.com/marketplace/item/1752675082568637"
"Various Artists / Ludovico Einaudi","Nomadland (Original Motion Picture Soundtrack)","35","https://www.facebook.com/marketplace/item/1752675082568637"
"Carly Pearce","29: Written in Stone (Live from Music City)","35","https://www.facebook.com/marketplace/item/1752675082568637"
"Linkin Park","Hybrid Theory","35","https://www.facebook.com/marketplace/item/1752675082568637"
"The Kinks","Second Time Around","25","https://www.facebook.com/marketplace/item/1640030427636769"
"Depeche Mode","Behind The Wheel","25","https://www.facebook.com/marketplace/item/1640030427636769"
"Girl","Wasted Youth","25","https://www.facebook.com/marketplace/item/1640030427636769"
"Grand Funk Railroad","Good Singin' Good Playin'","25","https://www.facebook.com/marketplace/item/1640030427636769"
"The Clash","London Calling","25","https://www.facebook.com/marketplace/item/1640030427636769"
"Fist","Back With A Vengeance","25","https://www.facebook.com/marketplace/item/1640030427636769"
"Patsy Cline","Patsy Cline's Golden Hits","12","https://www.facebook.com/marketplace/item/1819603869209096"
"Jefferson Airplane","Surrealistic Pillow","12","https://www.facebook.com/marketplace/item/1819603869209096"
"The Kinks","State of Confusion","12","https://www.facebook.com/marketplace/item/1819603869209096"
"Village People","Cruisin'","12","https://www.facebook.com/marketplace/item/1819603869209096"
"The Boomtown Rats","The Fine Art of Surfacing","12","https://www.facebook.com/marketplace/item/1819603869209096"
"Headpins","Line of Fire","12","https://www.facebook.com/marketplace/item/1819603869209096"
"Headpins","Turn It Loud","12","https://www.facebook.com/marketplace/item/1819603869209096"
"38 Special","Tour de Force","12","https://www.facebook.com/marketplace/item/1819603869209096"
"The Tubes","What Do You Want from Live","12","https://www.facebook.com/marketplace/item/1819603869209096"
"Bob Seger & The Silver Bullet Band","The Distance","12","https://www.facebook.com/marketplace/item/1819603869209096"
"Thin Lizzy","Chinatown","300","https://www.facebook.com/marketplace/item/1218644044673273"
"Thin Lizzy","Thunder and Lightning","300","https://www.facebook.com/marketplace/item/1218644044673273"
"Thin Lizzy","Vagabonds of the Western World","300","https://www.facebook.com/marketplace/item/1218644044673273"
"Thin Lizzy","Life","300","https://www.facebook.com/marketplace/item/1218644044673273"
"Thin Lizzy","Greatest Hits","300","https://www.facebook.com/marketplace/item/1218644044673273"
"U2","Achtung Baby","160","https://www.facebook.com/marketplace/item/1948576355832086"
"U2","How to Dismantle an Atomic Bomb","160","https://www.facebook.com/marketplace/item/1948576355832086"
"U2","Songs of Experience","160","https://www.facebook.com/marketplace/item/1948576355832086"
"U2","Songs of Innocence","160","https://www.facebook.com/marketplace/item/1948576355832086"
"U2","October","160","https://www.facebook.com/marketplace/item/1948576355832086"
"Linkin Park","The Hunting Party","35","https://www.facebook.com/marketplace/item/890730683581914"
"Demi Lovato","Tell Me You Love Me","35","https://www.facebook.com/marketplace/item/890730683581914"
"John Mellencamp","Strictly A One-Eyed Jack","35","https://www.facebook.com/marketplace/item/890730683581914"
"Lil' Kim","La Bella Mafia","35","https://www.facebook.com/marketplace/item/890730683581914"
"Ava Max","Heaven & Hell","35","https://www.facebook.com/marketplace/item/890730683581914"
"Diana Krall","Turn Up The Quiet","35","https://www.facebook.com/marketplace/item/890730683581914"
"Lady Gaga","Dawn of Chromatica","35","https://www.facebook.com/marketplace/item/890730683581914"
"Gordon Lightfoot","Sundown","35","https://www.facebook.com/marketplace/item/890730683581914"
"Madonna","Finally Enough Love","35","https://www.facebook.com/marketplace/item/890730683581914"
"Portugal. The Man","Chris Black Changed My Life","35","https://www.facebook.com/marketplace/item/890730683581914"
"John Lennon","Gimme Some Truth.","35","https://www.facebook.com/marketplace/item/890730683581914"
"Willie Nelson","Phases and Stages","35","https://www.facebook.com/marketplace/item/890730683581914"
"Galantis","Pharmacy","35","https://www.facebook.com/marketplace/item/890730683581914"
"Iron Maiden","The Number of the Beast","35","https://www.facebook.com/marketplace/item/890730683581914"
"No Doubt","The Beacon Street Collection","45","https://www.facebook.com/marketplace/item/1558785458945896"
"No Doubt","No Doubt","45","https://www.facebook.com/marketplace/item/1558785458945896"
"No Doubt","Return of Saturn","45","https://www.facebook.com/marketplace/item/1558785458945896"
"Gwen Stefani","Bouquet","45","https://www.facebook.com/marketplace/item/1558785458945896"
"Gwen Stefani","This Is What the Truth Feels Like","45","https://www.facebook.com/marketplace/item/1558785458945896"
"Judas Priest","Painkiller","1","https://www.facebook.com/marketplace/item/27422143327408624"
"Rush","Rush 50","1","https://www.facebook.com/marketplace/item/27422143327408624"
"Black Sabbath","Heaven and Hell","1","https://www.facebook.com/marketplace/item/27422143327408624"
"Big Brother & The Holding Company","Cheap Thrills","1","https://www.facebook.com/marketplace/item/27422143327408624"
"Loverboy","Get Lucky","1","https://www.facebook.com/marketplace/item/27422143327408624"
"Scorpions","Blackout","1","https://www.facebook.com/marketplace/item/27422143327408624"
"Nirvana","Nevermind","1","https://www.facebook.com/marketplace/item/27422143327408624"
"Van Halen","Van Halen","1","https://www.facebook.com/marketplace/item/27422143327408624"
"Dire Straits","Dire Straits","1","https://www.facebook.com/marketplace/item/27422143327408624"
"The Band","The Band","1","https://www.facebook.com/marketplace/item/27422143327408624"
"Boston","Boston","1","https://www.facebook.com/marketplace/item/27422143327408624"
"Warrant","Cherry Pie","1","https://www.facebook.com/marketplace/item/27422143327408624"
"Elton John","21 at 33","140","https://www.facebook.com/marketplace/item/1672998227306767"
"Elton John","Breaking Hearts","140","https://www.facebook.com/marketplace/item/1672998227306767"
"Elton John","Empty Sky","140","https://www.facebook.com/marketplace/item/1672998227306767"
"Elton John","Here and There","140","https://www.facebook.com/marketplace/item/1672998227306767"
"Elton John","A Single Man","140","https://www.facebook.com/marketplace/item/1672998227306767"
"Elton John","Friends","140","https://www.facebook.com/marketplace/item/1672998227306767"
"Elton John","Caribou","140","https://www.facebook.com/marketplace/item/1672998227306767"
"Elton John","Ice on Fire","140","https://www.facebook.com/marketplace/item/1672998227306767"
"Elton John","Jump Up!","140","https://www.facebook.com/marketplace/item/1672998227306767"
"Elton John","Honky Château","140","https://www.facebook.com/marketplace/item/1672998227306767"
"Rush","2112","40","https://www.facebook.com/marketplace/item/1724711815613854"
"Judas Priest","Turbo 30","40","https://www.facebook.com/marketplace/item/1724711815613854"
"Helix","Helix","40","https://www.facebook.com/marketplace/item/1724711815613854"
"Stevie Ray Vaughan and Double Trouble","Texas Flood","40","https://www.facebook.com/marketplace/item/1724711815613854"
"Lynch Mob","Babylon","40","https://www.facebook.com/marketplace/item/1724711815613854"
"Ozzy Osbourne","Diary of a Madman","40","https://www.facebook.com/marketplace/item/1724711815613854"
"Ozzy Osbourne","Bark at the Moon","40","https://www.facebook.com/marketplace/item/1724711815613854"
"Skid Row","Slave to the Grind","40","https://www.facebook.com/marketplace/item/1724711815613854"
"Slayer","World Painted Blood","12","https://www.facebook.com/marketplace/item/2433231067100310"
"The Dave Clark Five","All The Hits","12","https://www.facebook.com/marketplace/item/2433231067100310"
"David Bowie","Hallo Spaceboy","12","https://www.facebook.com/marketplace/item/2433231067100310"
"Rascal Flatts","Life Is A Highway Refueled / Duets","12","https://www.facebook.com/marketplace/item/2433231067100310"
"New England","New England","12","https://www.facebook.com/marketplace/item/2433231067100310"
"Jackson 5","Soul Source: Jackson 5 Remixes 2","12","https://www.facebook.com/marketplace/item/2433231067100310"
"Rush","Signals","12","https://www.facebook.com/marketplace/item/2433231067100310"
"Bee Gees / Various Artists","Saturday Night Fever (The Original Movie Sound Track)","12","https://www.facebook.com/marketplace/item/2433231067100310"
"Various Artists","Songs The Bonzo Dog Band Taught Us","12","https://www.facebook.com/marketplace/item/2433231067100310"
"Mariah Carey","E=MC²","12","https://www.facebook.com/marketplace/item/2433231067100310"
"Tom Waits","Franks Wild Years","12","https://www.facebook.com/marketplace/item/2433231067100310"
"Cheap Trick","Standing on the Edge","12","https://www.facebook.com/marketplace/item/2433231067100310"
"Aerosmith","Rocks","110","https://www.facebook.com/marketplace/item/1983516072555811"
"KISS","Dynasty","110","https://www.facebook.com/marketplace/item/1983516072555811"
"KISS","Love Gun","110","https://www.facebook.com/marketplace/item/1983516072555811"
"Van Halen","5150","110","https://www.facebook.com/marketplace/item/1983516072555811"
"April Wine","The Whole World's Goin' Crazy","8","https://www.facebook.com/marketplace/item/1474643161130146"
"Daryl Hall & John Oates","Whole Oats","8","https://www.facebook.com/marketplace/item/1474643161130146"
"Supertramp","Breakfast in America","8","https://www.facebook.com/marketplace/item/1474643161130146"
"Little Steven","Freedom - No Compromise","8","https://www.facebook.com/marketplace/item/1474643161130146"
"Bob Dylan","Empire Burlesque","8","https://www.facebook.com/marketplace/item/1474643161130146"
"Little Feat","Feats Don't Fail Me Now","8","https://www.facebook.com/marketplace/item/1474643161130146"
"The Police","Outlandos d'Amour","8","https://www.facebook.com/marketplace/item/1474643161130146"
"Simple Minds","Once Upon a Time","8","https://www.facebook.com/marketplace/item/1474643161130146"
"The Police","Zenyatta Mondatta","8","https://www.facebook.com/marketplace/item/1474643161130146"
"Ric Ocasek","This Side of Paradise","8","https://www.facebook.com/marketplace/item/1474643161130146"
"Warren Zevon","Bad Luck Streak in Dancing School","8","https://www.facebook.com/marketplace/item/1474643161130146"
"Emmylou Harris","Elite Hotel","8","https://www.facebook.com/marketplace/item/1474643161130146"
"Emmylou Harris","Blue Kentucky Girl","8","https://www.facebook.com/marketplace/item/1474643161130146"
"Emmylou Harris","Evangeline","8","https://www.facebook.com/marketplace/item/1474643161130146"
"Emmylou Harris","Roses in the Snow","8","https://www.facebook.com/marketplace/item/1474643161130146"
"Emmylou Harris","Pieces of the Sky","8","https://www.facebook.com/marketplace/item/1474643161130146"
"INXS","Recorded Live At The US Festival 1983","150","https://www.facebook.com/marketplace/item/26568353542865729"
"INXS","INXS","150","https://www.facebook.com/marketplace/item/26568353542865729"
"INXS","Welcome To Wherever You Are","150","https://www.facebook.com/marketplace/item/26568353542865729"
"INXS","Shaboo Shoobah","150","https://www.facebook.com/marketplace/item/26568353542865729"
"INXS","Listen Like Thieves","150","https://www.facebook.com/marketplace/item/26568353542865729"
"Pat Travers Band","Go for What You Know","12","https://www.facebook.com/marketplace/item/1676345050274898"
"Pat Travers","Pat Travers","12","https://www.facebook.com/marketplace/item/1676345050274898"
"Pat Travers Band","Heat in the Street","12","https://www.facebook.com/marketplace/item/1676345050274898"
"Pat Travers Band","Crash and Burn","12","https://www.facebook.com/marketplace/item/1676345050274898"
"Pat Travers","Makin' Magic","12","https://www.facebook.com/marketplace/item/1676345050274898"
"Pat Travers","Putting It Straight","12","https://www.facebook.com/marketplace/item/1676345050274898"
"Heart","Little Queen","12","https://www.facebook.com/marketplace/item/1676345050274898"
"Heart","Private Audition","12","https://www.facebook.com/marketplace/item/1676345050274898"
"Heart","Bébé le Strange","12","https://www.facebook.com/marketplace/item/1676345050274898"
"Heart","Heart","12","https://www.facebook.com/marketplace/item/1676345050274898"
"Heart","Passionworks","12","https://www.facebook.com/marketplace/item/1676345050274898"
"Heart","Dog & Butterfly","12","https://www.facebook.com/marketplace/item/1676345050274898"
"Bruce Springsteen","Greetings from Asbury Park, N.J.","12","https://www.facebook.com/marketplace/item/1676345050274898"
"Billy Joel","Turnstiles","12","https://www.facebook.com/marketplace/item/1676345050274898"
"Billy Joel","An Innocent Man","12","https://www.facebook.com/marketplace/item/1676345050274898"
"Billy Joel","The Stranger","12","https://www.facebook.com/marketplace/item/1676345050274898"
"Billy Joel","52nd Street","12","https://www.facebook.com/marketplace/item/1676345050274898"
"Jackson Browne","The Pretender","12","https://www.facebook.com/marketplace/item/1676345050274898"
"Neil Diamond","Serenade","10","https://www.facebook.com/marketplace/item/1771068350526788"
"Neil Diamond","Hot August Night","10","https://www.facebook.com/marketplace/item/1771068350526788"
"Neil Diamond","Tap Root Manuscript","10","https://www.facebook.com/marketplace/item/1771068350526788"
"Neil Diamond","Headed for the Future","10","https://www.facebook.com/marketplace/item/1771068350526788"
"Neil Diamond","Moods","10","https://www.facebook.com/marketplace/item/1771068350526788"
"Neil Diamond","You Don't Bring Me Flowers","10","https://www.facebook.com/marketplace/item/1771068350526788"
"Neil Diamond","12 Greatest Hits Vol. II","10","https://www.facebook.com/marketplace/item/1771068350526788"
"Neil Diamond","The Jazz Singer","10","https://www.facebook.com/marketplace/item/1771068350526788"
"Queen","Greatest Hits","12","https://www.facebook.com/marketplace/item/940351165470638"
"Journey","Look into the Future","12","https://www.facebook.com/marketplace/item/940351165470638"
"Robert Palmer","Some People Can Do What They Like","12","https://www.facebook.com/marketplace/item/940351165470638"
"Whitesnake","Snakebite","12","https://www.facebook.com/marketplace/item/940351165470638"
"Deep Purple","24 Carat Purple","12","https://www.facebook.com/marketplace/item/940351165470638"
"The String Cheese Incident (SCI)","Believe","12","https://www.facebook.com/marketplace/item/940351165470638"
"The Michael Schenker Group","Live & Ready: The Best of MSG Live 1980-1984","12","https://www.facebook.com/marketplace/item/940351165470638"
"Accept","Metal Heart","12","https://www.facebook.com/marketplace/item/940351165470638"
"Triumph","Progressions of Power","12","https://www.facebook.com/marketplace/item/940351165470638"
"Neil Young","Decade","12","https://www.facebook.com/marketplace/item/940351165470638"
"Paul Young","The Secret of Association","12","https://www.facebook.com/marketplace/item/940351165470638"
"Gentle Giant","The Power and the Glory","12","https://www.facebook.com/marketplace/item/940351165470638"
"Triumph","Just a Game","12","https://www.facebook.com/marketplace/item/940351165470638"
"The Doors","Absolutely Live","12","https://www.facebook.com/marketplace/item/940351165470638"
"Ten Years After","Goin' Home!","12","https://www.facebook.com/marketplace/item/940351165470638"
"Dave Edmunds","Riff Raff","12","https://www.facebook.com/marketplace/item/940351165470638"
"Rush","Signals (Picture Disc)","35","https://www.facebook.com/marketplace/item/1504362551087646"
"Rush","Roll the Bones","35","https://www.facebook.com/marketplace/item/1504362551087646"
"Rush","Moving Pictures","35","https://www.facebook.com/marketplace/item/1504362551087646"
"Rush","Power Windows","35","https://www.facebook.com/marketplace/item/1504362551087646"
"Rush","Rush","35","https://www.facebook.com/marketplace/item/1504362551087646"
"Rush","A Farewell to Kings","35","https://www.facebook.com/marketplace/item/1504362551087646"
"Rush","Vapor Trails Remixed","35","https://www.facebook.com/marketplace/item/1504362551087646"
"Rush","Moving Pictures (Limited Edition)","35","https://www.facebook.com/marketplace/item/1504362551087646"
"Rush","Clockwork Angels","35","https://www.facebook.com/marketplace/item/1504362551087646"
"Rush","Hemispheres","35","https://www.facebook.com/marketplace/item/1504362551087646"
"Accept","Balls to the Wall","7","https://www.facebook.com/marketplace/item/1308893284514675"
"Pink Floyd","Wish You Were Here","7","https://www.facebook.com/marketplace/item/1308893284514675"
"Daryl Hall & John Oates","Live at the Apollo","7","https://www.facebook.com/marketplace/item/1308893284514675"
"54-40","Show Me","7","https://www.facebook.com/marketplace/item/1308893284514675"
"Steely Dan","Can't Buy A Thrill","7","https://www.facebook.com/marketplace/item/1308893284514675"
"Queen","Greatest Hits II","7","https://www.facebook.com/marketplace/item/1308893284514675"
"The Traveling Wilburys","Volume One","7","https://www.facebook.com/marketplace/item/1308893284514675"
"Gowan","Strange Animal","7","https://www.facebook.com/marketplace/item/1308893284514675"
"Styx","Crystal Ball","7","https://www.facebook.com/marketplace/item/1308893284514675"
"Split Enz","Time and Tide","7","https://www.facebook.com/marketplace/item/1308893284514675"
"Robert Palmer","Double Fun","7","https://www.facebook.com/marketplace/item/1308893284514675"
"Various Artists","Woodstock Rock 20th Anniversary Collection","7","https://www.facebook.com/marketplace/item/1308893284514675"
"FM","Black Noise","9","https://www.facebook.com/marketplace/item/1527928138747972"
"Toronto","Greatest Hits","9","https://www.facebook.com/marketplace/item/1527928138747972"
"Adam Ant","Friend or Foe","9","https://www.facebook.com/marketplace/item/1527928138747972"
"Gary Moore","Shapes of Things","9","https://www.facebook.com/marketplace/item/1527928138747972"
"Gary Moore","Over the Hills and Far Away","9","https://www.facebook.com/marketplace/item/1527928138747972"
"Neck Deep","Neck Deep","9","https://www.facebook.com/marketplace/item/1527928138747972"
"The Jeff Healey Band","See the Light","9","https://www.facebook.com/marketplace/item/1527928138747972"
"Nina Hagen Band","Unbehagen","9","https://www.facebook.com/marketplace/item/1527928138747972"
"Nazareth","'Snaz","9","https://www.facebook.com/marketplace/item/1527928138747972"
"Gary Moore","Oh Pretty Woman","9","https://www.facebook.com/marketplace/item/1527928138747972"
"Gary Moore","The Loner","9","https://www.facebook.com/marketplace/item/1527928138747972"
"The Kingbees","The Kingbees","9","https://www.facebook.com/marketplace/item/1527928138747972"
"Daryl Hall","Three Hearts in the Happy Ending Machine","9","https://www.facebook.com/marketplace/item/1527928138747972"
"David Wilcox","Bad Reputation","9","https://www.facebook.com/marketplace/item/1527928138747972"
"Humble Pie","The Humble Pie Collection","9","https://www.facebook.com/marketplace/item/1527928138747972"
"Gary Moore","Too Tired","9","https://www.facebook.com/marketplace/item/1527928138747972"
"Gary Moore","Empty Rooms","9","https://www.facebook.com/marketplace/item/1527928138747972"
"Rockpile","Seconds of Pleasure","9","https://www.facebook.com/marketplace/item/1527928138747972"
"Chilliwack","Segue","9","https://www.facebook.com/marketplace/item/1527928138747972"
"David Wilcox","Out of the Woods","9","https://www.facebook.com/marketplace/item/1527928138747972"
"Uriah Heep","Return to Fantasy","9","https://www.facebook.com/marketplace/item/1527928138747972"
"Gary Moore","Wild Frontier","9","https://www.facebook.com/marketplace/item/1527928138747972"
"Gary Moore","Ready for Love","9","https://www.facebook.com/marketplace/item/1527928138747972"
"The Rolling Stones","Sticky Fingers","9","https://www.facebook.com/marketplace/item/1527928138747972"
"Dickey Betts & Great Southern","Atlanta's Burning Down","9","https://www.facebook.com/marketplace/item/1527928138747972"
"David Wilcox","My Eyes Keep Me in Trouble","9","https://www.facebook.com/marketplace/item/1527928138747972"
"The Kingbees","The Right Track","9","https://www.facebook.com/marketplace/item/1527928138747972"
"T. Rex","The Greatest Hits Vol. 1","9","https://www.facebook.com/marketplace/item/1527928138747972"
"Gary Moore","Friday on My Mind","9","https://www.facebook.com/marketplace/item/1527928138747972"
"Judy Collins","Colors of the Day: The Best of Judy Collins","8","https://www.facebook.com/marketplace/item/1640346630510474"
"Dickey Lee","Patches","8","https://www.facebook.com/marketplace/item/1640346630510474"
"Rachel Sweet","Fool Around","8","https://www.facebook.com/marketplace/item/1640346630510474"
"Nana Mouskouri","British Concert","8","https://www.facebook.com/marketplace/item/1640346630510474"
"The Band","Moondog Matinee","8","https://www.facebook.com/marketplace/item/1640346630510474"
"Stephen Stills","Stephen Stills","8","https://www.facebook.com/marketplace/item/1640346630510474"
"Stephen Stills","Stephen Stills 2","8","https://www.facebook.com/marketplace/item/1640346630510474"
"B.J. Thomas","Raindrops Keep Fallin' on My Head","8","https://www.facebook.com/marketplace/item/1640346630510474"
"Joni Mitchell","For the Roses","8","https://www.facebook.com/marketplace/item/1640346630510474"
"The Moody Blues","Seventh Sojourn","8","https://www.facebook.com/marketplace/item/857556856602249"
"Bob Seger & The Silver Bullet Band","Night Moves","8","https://www.facebook.com/marketplace/item/857556856602249"
"Robert Palmer","Secrets","8","https://www.facebook.com/marketplace/item/857556856602249"
"Steppenwolf","16 Greatest Hits","8","https://www.facebook.com/marketplace/item/857556856602249"
"Dan Hill","Dan Hill","8","https://www.facebook.com/marketplace/item/857556856602249"
"Cream","Heavy Cream","8","https://www.facebook.com/marketplace/item/857556856602249"
"Uriah Heep","The Magician's Birthday","8","https://www.facebook.com/marketplace/item/857556856602249"
"Procol Harum","Exotic Birds and Fruit","8","https://www.facebook.com/marketplace/item/857556856602249"
"Lake","Lake","8","https://www.facebook.com/marketplace/item/857556856602249"
"Andy Pratt","Shiver in the Night","8","https://www.facebook.com/marketplace/item/857556856602249"
"Rita Marley","Who Feels It Knows It","8","https://www.facebook.com/marketplace/item/857556856602249"
"Lake","Lake II","8","https://www.facebook.com/marketplace/item/857556856602249"
"Rare Earth","Band Together","8","https://www.facebook.com/marketplace/item/857556856602249"
"Electric Light Orchestra","Eldorado","8","https://www.facebook.com/marketplace/item/857556856602249"
"Michael Murphey","Flowing Free Forever","8","https://www.facebook.com/marketplace/item/857556856602249"
"Carly Simon","No Secrets","8","https://www.facebook.com/marketplace/item/857556856602249"
"Swing Fever","Swing Fever","8","https://www.facebook.com/marketplace/item/857556856602249"
"Dan Hill","Longer Fuse","8","https://www.facebook.com/marketplace/item/857556856602249"
"Dan Hill","Frozen in the Night","8","https://www.facebook.com/marketplace/item/857556856602249"
"The Edgar Winter Group","Shock Treatment","8","https://www.facebook.com/marketplace/item/857556856602249"
"Joan Armatrading","Walk Under Ladders","8","https://www.facebook.com/marketplace/item/857556856602249"
"Segarini","Goodbye L.A.","8","https://www.facebook.com/marketplace/item/857556856602249"
"Andy Pratt","Motives","8","https://www.facebook.com/marketplace/item/857556856602249"
"Mike Oldfield","Tubular Bells","8","https://www.facebook.com/marketplace/item/857556856602249"
"10cc","The Original Soundtrack","8","https://www.facebook.com/marketplace/item/857556856602249"
"Michael Murphey","Swans Against the Sun","6","https://www.facebook.com/marketplace/item/2013021682963688"
"Babe Ruth","Amar Caballero","6","https://www.facebook.com/marketplace/item/2013021682963688"
"Lynx","Sneak Attack","6","https://www.facebook.com/marketplace/item/2013021682963688"
"Poco","Legend","6","https://www.facebook.com/marketplace/item/2013021682963688"
"Styx","The Grand Illusion","6","https://www.facebook.com/marketplace/item/2013021682963688"
"Rainbow","Rising","6","https://www.facebook.com/marketplace/item/2013021682963688"
"Cheap Trick","Cheap Trick at Budokan","6","https://www.facebook.com/marketplace/item/2013021682963688"
"Ian Hunter","You're Never Alone with a Schizophrenic","6","https://www.facebook.com/marketplace/item/2013021682963688"
"Dr. Hook & The Medicine Show","The Best of Dr. Hook","6","https://www.facebook.com/marketplace/item/2013021682963688"
"Janis Joplin","I Got Dem Ol' Kozmic Blues Again Mama!","6","https://www.facebook.com/marketplace/item/2013021682963688"
"Babe Ruth","Stealin' Home","6","https://www.facebook.com/marketplace/item/2013021682963688"
"Breathe","All That Jazz","6","https://www.facebook.com/marketplace/item/2013021682963688"
"Orleans","Forever","6","https://www.facebook.com/marketplace/item/2013021682963688"
"Jethro Tull","War Child","6","https://www.facebook.com/marketplace/item/2013021682963688"
"Chilliwack","Breakdown in Paradise","6","https://www.facebook.com/marketplace/item/2013021682963688"
"Kenny Rogers","Greatest Hits","6","https://www.facebook.com/marketplace/item/2013021682963688"
"Meat Loaf","Bat Out of Hell","6","https://www.facebook.com/marketplace/item/2013021682963688"
"Burton Cummings","My Own Way to Rock","6","https://www.facebook.com/marketplace/item/2013021682963688"
"Lynx","Missing Lynx","6","https://www.facebook.com/marketplace/item/2013021682963688"
"Garfield","Strange Streets","6","https://www.facebook.com/marketplace/item/2013021682963688"
"Roberta Flack","Killing Me Softly","6","https://www.facebook.com/marketplace/item/2013021682963688"
"Air Supply","Greatest Hits","6","https://www.facebook.com/marketplace/item/2013021682963688"
"Paul Parrish","Songs","6","https://www.facebook.com/marketplace/item/2013021682963688"
"Olivia Newton-John","Let Me Be There","6","https://www.facebook.com/marketplace/item/2013021682963688"
"Buddy Holly & The Crickets","Buddy Holly Lives: 20 Golden Greats","10","https://www.facebook.com/marketplace/item/2435528206895597"
"Carly Simon","Playing Possum","10","https://www.facebook.com/marketplace/item/2435528206895597"
"Various Artists","Chart Action","10","https://www.facebook.com/marketplace/item/2435528206895597"
"Orleans","Waking and Dreaming","10","https://www.facebook.com/marketplace/item/2435528206895597"
"Gordon Lightfoot","The Best of Gordon Lightfoot","10","https://www.facebook.com/marketplace/item/2435528206895597"
"Various Artists","Brit's Blitz - The Very Best Of British Rock","10","https://www.facebook.com/marketplace/item/2435528206895597"
"Rick Wakeman","No Earthly Connection","10","https://www.facebook.com/marketplace/item/2435528206895597"
"Barbra Streisand & Kris Kristofferson","A Star Is Born","10","https://www.facebook.com/marketplace/item/2435528206895597"
"Cream","Off the Top","10","https://www.facebook.com/marketplace/item/2435528206895597"
"Seals & Crofts","Unborn Child","10","https://www.facebook.com/marketplace/item/2435528206895597"
"Premiata Forneria Marconi (PFM)","The World Became the World","10","https://www.facebook.com/marketplace/item/2435528206895597"
"Jimi Hendrix","Hendrix","10","https://www.facebook.com/marketplace/item/2435528206895597"
"Emerson, Lake & Powell","Emerson, Lake & Powell","10","https://www.facebook.com/marketplace/item/2435528206895597"
"Rare Earth","Back to Earth","10","https://www.facebook.com/marketplace/item/2435528206895597"
"Wayne County & The Electric Chairs","Blatantly Offenzive","10","https://www.facebook.com/marketplace/item/2435528206895597"
"David Wiffen","Coast to Coast Fever","10","https://www.facebook.com/marketplace/item/2435528206895597"
"The Psychedelic Furs","Mirror Moves","10","https://www.facebook.com/marketplace/item/2435528206895597"
"Ronnie Montrose","Open Fire","10","https://www.facebook.com/marketplace/item/2435528206895597"
"Mel McDaniel","Greatest Hits","10","https://www.facebook.com/marketplace/item/2435528206895597"
"Barry Manilow","Barry Manilow II","10","https://www.facebook.com/marketplace/item/2435528206895597"
"Grand Funk Railroad","Good Singin', Good Playin'","10","https://www.facebook.com/marketplace/item/2435528206895597"
"James Last","Ännchen von Tharau / 2","150","https://www.facebook.com/marketplace/item/2477221106048821"
"James Last","Super Stereo 74","150","https://www.facebook.com/marketplace/item/2477221106048821"
"James Last","Non Stop Dancing 1973/2","150","https://www.facebook.com/marketplace/item/2477221106048821"
"James Last","Love Must Be the Reason","150","https://www.facebook.com/marketplace/item/2477221106048821"
"James Last","Non Stop Dancing 12","150","https://www.facebook.com/marketplace/item/2477221106048821"
"James Last","Non Stop Dancing 1974","150","https://www.facebook.com/marketplace/item/2477221106048821"
"James Last","Party Dancing (Non Stop) Vol. 1","150","https://www.facebook.com/marketplace/item/2477221106048821"
"James Last","Russia","150","https://www.facebook.com/marketplace/item/2477221106048821"
"James Last","Stereo Spectacular","150","https://www.facebook.com/marketplace/item/2477221106048821"
"James Last","Beat in Sweet","150","https://www.facebook.com/marketplace/item/2477221106048821"
"James Last","Voodoo-Party","150","https://www.facebook.com/marketplace/item/2477221106048821"
"James Last","Well Kept Secret","150","https://www.facebook.com/marketplace/item/2477221106048821"
"James Last","Super Party Pac","150","https://www.facebook.com/marketplace/item/2477221106048821"
"James Last","Does His Thing (Happy Music)","150","https://www.facebook.com/marketplace/item/2477221106048821"
"James Last","Non Stop Disco Dancing","150","https://www.facebook.com/marketplace/item/2477221106048821"
"James Last","Non Stop Disco Dancing 2","150","https://www.facebook.com/marketplace/item/2477221106048821"
"James Last","Hair","150","https://www.facebook.com/marketplace/item/2477221106048821"
"Pink Floyd","The Dark Side of the Moon","35","https://www.facebook.com/marketplace/item/1403013971843477"
"Lee Aaron","Call of the Wild","30","https://www.facebook.com/marketplace/item/26380020235011882"
"Michael Jackson","Thriller 25","30","https://www.facebook.com/marketplace/item/26380020235011882"
"Kiss","Crazy Nights","30","https://www.facebook.com/marketplace/item/26380020235011882"
"Judas Priest","Screaming for Vengeance","30","https://www.facebook.com/marketplace/item/26380020235011882"
"Red Hot Chili Peppers","Californication","30","https://www.facebook.com/marketplace/item/26380020235011882"
"Sheryl Crow","Story of Everything","30","https://www.facebook.com/marketplace/item/26380020235011882"
"Europe","Interview Picture Disc","30","https://www.facebook.com/marketplace/item/26380020235011882"
"Mötley Crüe","Helter Skelter","30","https://www.facebook.com/marketplace/item/26380020235011882"
"Metallica","Ride the Lightning","30","https://www.facebook.com/marketplace/item/26380020235011882"
"Heart","Nothin' At All","30","https://www.facebook.com/marketplace/item/26380020235011882"
"Kiss","Creatures of the Night","30","https://www.facebook.com/marketplace/item/26380020235011882"
"Kiss","Music from ""The Elder""","30","https://www.facebook.com/marketplace/item/26380020235011882"
"James Last","Super Stereo 24","150","https://www.facebook.com/marketplace/item/4328221367507887"
"James Last","Non Stop Dancing 73/2","150","https://www.facebook.com/marketplace/item/4328221367507887"
"James Last","Party Dancing","150","https://www.facebook.com/marketplace/item/4328221367507887"
"James Last Band","Beat in Sweet","150","https://www.facebook.com/marketplace/item/4328221367507887"
"James Last","SuperParty Pac","150","https://www.facebook.com/marketplace/item/4328221367507887"
"James Last","Does His Thing","150","https://www.facebook.com/marketplace/item/4328221367507887"
"Steeler","Steeler","40","https://www.facebook.com/marketplace/item/916574114544193"
"Cacophony","Speed Metal Symphony","40","https://www.facebook.com/marketplace/item/916574114544193"
"Armored Saint","Armored Saint","40","https://www.facebook.com/marketplace/item/916574114544193"
"Yngwie J. Malmsteen's Rising Force","Marching Out","40","https://www.facebook.com/marketplace/item/916574114544193"
"Van Morrison","Astral Weeks","20","https://www.facebook.com/marketplace/item/2771299536560180"
"Van Morrison","Tupelo Honey","20","https://www.facebook.com/marketplace/item/2771299536560180"
"Van Morrison","No Guru, No Method, No Teacher","20","https://www.facebook.com/marketplace/item/2771299536560180"
"Van Morrison","Wavelength","20","https://www.facebook.com/marketplace/item/2771299536560180"
"Van Morrison","Moondance","20","https://www.facebook.com/marketplace/item/2771299536560180"
"Van Morrison","Beautiful Vision","20","https://www.facebook.com/marketplace/item/2771299536560180"
"Van Morrison","A Sense of Wonder","20","https://www.facebook.com/marketplace/item/2771299536560180"
"Van Morrison","A Period of Transition","20","https://www.facebook.com/marketplace/item/2771299536560180"
"Avril Lavigne","The Best Damn Thing","35","https://www.facebook.com/marketplace/item/1291816192828971"
"Avril Lavigne","Under My Skin","35","https://www.facebook.com/marketplace/item/1291816192828971"
"Avril Lavigne","Love Sux","35","https://www.facebook.com/marketplace/item/1291816192828971"
"Avril Lavigne","Avril Lavigne","35","https://www.facebook.com/marketplace/item/1291816192828971"
"Avril Lavigne","Let Go","35","https://www.facebook.com/marketplace/item/1291816192828971"
"The Muppets","Favorite Songs from Jim Henson's Muppets","5","https://www.facebook.com/marketplace/item/981640634526369"
"Jive Bunny and the Mastermixers","Swing the Mood","5","https://www.facebook.com/marketplace/item/981640634526369"
"The Care Bears","The Care Bears Care for You","5","https://www.facebook.com/marketplace/item/981640634526369"
"Star Trek","Star Trek: Four Exciting All-New Action-Adventure Stories!","5","https://www.facebook.com/marketplace/item/981640634526369"
"Various Artists","Tasty Toones","5","https://www.facebook.com/marketplace/item/981640634526369"
"Walt Disney","Walt Disney's Pinocchio","5","https://www.facebook.com/marketplace/item/981640634526369"
"Larry Groce and The Disneyland Children's Sing-Along Chorus","Disney's Children's Favorites Volume 2","5","https://www.facebook.com/marketplace/item/981640634526369"
"Walt Disney","Little Red Riding Hood and Other Best Loved Fairy Tales","5","https://www.facebook.com/marketplace/item/981640634526369"
"Warren Vincent","The Enchanted Key to Mother Goose Land","5","https://www.facebook.com/marketplace/item/981640634526369"
"The Doors","L.A. Woman","25","https://www.facebook.com/marketplace/item/1623066408937996"
"The Doors","The Soft Parade","25","https://www.facebook.com/marketplace/item/1623066408937996"
"The Doors","Greatest Hits","25","https://www.facebook.com/marketplace/item/1623066408937996"
"The Doors","Waiting for the Sun","25","https://www.facebook.com/marketplace/item/1623066408937996"
"The Doors","13","25","https://www.facebook.com/marketplace/item/1623066408937996"
"The Doors","Full Circle","25","https://www.facebook.com/marketplace/item/1623066408937996"
"The Doors","Strange Days","25","https://www.facebook.com/marketplace/item/1623066408937996"
"The Doors","Weird Scenes Inside the Gold Mine","25","https://www.facebook.com/marketplace/item/1623066408937996"
"The Doors","Classics","25","https://www.facebook.com/marketplace/item/1623066408937996"
"Mary J. Blige","What's the 411?","30","https://www.facebook.com/marketplace/item/819022694583666"
"Linkin Park","Papercuts (Singles Collection 2000-2023)","30","https://www.facebook.com/marketplace/item/819022694583666"
"Alicia Keys","The Element of Freedom","30","https://www.facebook.com/marketplace/item/819022694583666"
"Sheryl Crow","Tuesday Night Music Club","30","https://www.facebook.com/marketplace/item/819022694583666"
"Anne Wilson","Rebel (Live from Lexington)","30","https://www.facebook.com/marketplace/item/819022694583666"
"Natalie Cole","Unforgettable... with Love","30","https://www.facebook.com/marketplace/item/819022694583666"
"Imagine Dragons","Loom","30","https://www.facebook.com/marketplace/item/819022694583666"
"The Weeknd","After Hours","30","https://www.facebook.com/marketplace/item/819022694583666"
"Sheryl Crow","Sheryl: Music from the Feature Documentary","30","https://www.facebook.com/marketplace/item/819022694583666"
"Harry Styles","Harry's House","30","https://www.facebook.com/marketplace/item/819022694583666"
"Mariah Carey","Merry Christmas","30","https://www.facebook.com/marketplace/item/819022694583666"
"Mariah Carey","MTV Unplugged EP","30","https://www.facebook.com/marketplace/item/819022694583666"
"Mariah Carey","Butterfly","30","https://www.facebook.com/marketplace/item/819022694583666"
"Mariah Carey","Music Box","30","https://www.facebook.com/marketplace/item/819022694583666"
"The Alan Parsons Project","Pyramid","14","https://www.facebook.com/marketplace/item/1679538246547766"
"The Alan Parsons Project","Tales of Mystery and Imagination","14","https://www.facebook.com/marketplace/item/1679538246547766"
"The Alan Parsons Project","I Robot","14","https://www.facebook.com/marketplace/item/1679538246547766"
"The Alan Parsons Project","The Turn of a Friendly Card","14","https://www.facebook.com/marketplace/item/1679538246547766"
"The Alan Parsons Project","Ammonia Avenue","14","https://www.facebook.com/marketplace/item/1679538246547766"
"The Alan Parsons Project","Eye in the Sky","14","https://www.facebook.com/marketplace/item/1679538246547766"
"Al Stewart","Time Passages","14","https://www.facebook.com/marketplace/item/1679538246547766"
"Rob Base & D.J. E-Z Rock","It Takes Two","3","https://www.facebook.com/marketplace/item/889444317222421"
"Chic","Le Freak","3","https://www.facebook.com/marketplace/item/889444317222421"
"Twin-Beat","Let's Pick Up The Pieces (And Make Some Music)","3","https://www.facebook.com/marketplace/item/889444317222421"
"The Social Club","Rumors","3","https://www.facebook.com/marketplace/item/889444317222421"
"Blue Mercedes","I Want To Be Your Property","3","https://www.facebook.com/marketplace/item/889444317222421"
"Debbie Gibson","Out of the Blue","3","https://www.facebook.com/marketplace/item/889444317222421"
"Arrow","Groove Master","3","https://www.facebook.com/marketplace/item/889444317222421"
"Dino","I Like It","3","https://www.facebook.com/marketplace/item/889444317222421"
"Johnny Kemp","Birthday Suit","3","https://www.facebook.com/marketplace/item/889444317222421"
"Shana","I Want You","3","https://www.facebook.com/marketplace/item/889444317222421"
"Robey","One Night in Bangkok","3","https://www.facebook.com/marketplace/item/889444317222421"
"The Cover Girls","All That Glitters Isn't Gold","3","https://www.facebook.com/marketplace/item/889444317222421"
"Boys Don't Cry","I Wanna Be a Cowboy","3","https://www.facebook.com/marketplace/item/889444317222421"
"Jim Witter","Feel The Pressure","3","https://www.facebook.com/marketplace/item/889444317222421"
"Nia Peeples","Trouble","3","https://www.facebook.com/marketplace/item/889444317222421"
"New Edition","Candy Girl","3","https://www.facebook.com/marketplace/item/889444317222421"
"The English Beat","I Confess","3","https://www.facebook.com/marketplace/item/889444317222421"
"Various Artists","In House Volume 1","3","https://www.facebook.com/marketplace/item/889444317222421"
"Tony Banks","This Is Love","3","https://www.facebook.com/marketplace/item/889444317222421"
"Bobby Jimmy and the Critters","Hair or Weave","3","https://www.facebook.com/marketplace/item/889444317222421"
"Herbie Hancock","Rockit","3","https://www.facebook.com/marketplace/item/1013706121220813"
"Dead or Alive","My Heart Goes Bang (Get Me to the Doctor)","3","https://www.facebook.com/marketplace/item/1013706121220813"
"The Rolling Stones","Rock and a Hard Place","3","https://www.facebook.com/marketplace/item/1013706121220813"
"Krush","House Arrest","3","https://www.facebook.com/marketplace/item/1013706121220813"
"Big Pig","Breakaway","3","https://www.facebook.com/marketplace/item/1013706121220813"
"Adam Ant","Room at the Top","3","https://www.facebook.com/marketplace/item/1013706121220813"
"S'Express","Superfly Guy","3","https://www.facebook.com/marketplace/item/1013706121220813"
"Kool Moe Dee","They Want Money","3","https://www.facebook.com/marketplace/item/1013706121220813"
"Wa Wa Nee","Sugar Free (Extended Mix)","3","https://www.facebook.com/marketplace/item/1013706121220813"
"Roachford","Cuddly Toy","3","https://www.facebook.com/marketplace/item/1013706121220813"
"The Belle Stars","The Belle Stars","3","https://www.facebook.com/marketplace/item/1013706121220813"
"New:regime","Love + Satisfaction","3","https://www.facebook.com/marketplace/item/1013706121220813"
"Stevie B","I Wanna Be the One","3","https://www.facebook.com/marketplace/item/1013706121220813"
"Taffy","I Love My Radio","3","https://www.facebook.com/marketplace/item/1013706121220813"
"Kyper","Tic-Tac-Toe","3","https://www.facebook.com/marketplace/item/1013706121220813"
"The Monty Alexander 7","Jamento","3","https://www.facebook.com/marketplace/item/1013706121220813"
"Paula Abdul","Straight Up","3","https://www.facebook.com/marketplace/item/1013706121220813"
"Gipsy Kings","Gipsy Kings","3","https://www.facebook.com/marketplace/item/1013706121220813"
"Anita Ward","Ring My Bell","3","https://www.facebook.com/marketplace/item/1013706121220813"
"Calloway","I Wanna Be Rich","3","https://www.facebook.com/marketplace/item/1013706121220813"
"ABC","The Night You Murdered Love","3","https://www.facebook.com/marketplace/item/1013706121220813"
"The Escape Club","Wild, Wild West","3","https://www.facebook.com/marketplace/item/1013706121220813"
"Guy","Spend the Night","3","https://www.facebook.com/marketplace/item/1013706121220813"
"Jermaine Stewart","We Don't Have to Take Our Clothes Off","3","https://www.facebook.com/marketplace/item/1013706121220813"
"Bardeux","I Love to Bass","3","https://www.facebook.com/marketplace/item/1013706121220813"
"KISS","Alive!","30","https://www.facebook.com/marketplace/item/918249127263440"
"KISS","Alive II","30","https://www.facebook.com/marketplace/item/918249127263440"
"KISS","Dressed to Kill","30","https://www.facebook.com/marketplace/item/918249127263440"
"KISS","Hotter Than Hell","30","https://www.facebook.com/marketplace/item/918249127263440"
"KISS","Kiss","30","https://www.facebook.com/marketplace/item/918249127263440"
"KISS","Destroyer","30","https://www.facebook.com/marketplace/item/918249127263440"
"KISS","Alive III","30","https://www.facebook.com/marketplace/item/918249127263440"
"KISS","Kiss Rocks Vegas","30","https://www.facebook.com/marketplace/item/918249127263440"
"KISS","Rock and Roll Over","30","https://www.facebook.com/marketplace/item/918249127263440"
"KISS","Monster","30","https://www.facebook.com/marketplace/item/918249127263440"
"KISS","Asylum","30","https://www.facebook.com/marketplace/item/918249127263440"
"Iron Maiden","Somewhere in Time","190","https://www.facebook.com/marketplace/item/1228425068959780"
"Iron Maiden","The Book of Souls","190","https://www.facebook.com/marketplace/item/1228425068959780"
"Iron Maiden","Senjutsu","190","https://www.facebook.com/marketplace/item/1228425068959780"
"The Doors","Morrison Hotel","20","https://www.facebook.com/marketplace/item/2361696671017051"
"Kiss","Destroyer: Resurrected","1,200","https://www.facebook.com/marketplace/item/2715135602175834"
"Kiss","Destroyer (45th Anniversary Edition)","1,200","https://www.facebook.com/marketplace/item/2715135602175834"
"Kiss","Psycho Circus","1,200","https://www.facebook.com/marketplace/item/2715135602175834"
"Kiss","Kiss Symphony: Alive IV","1,200","https://www.facebook.com/marketplace/item/2715135602175834"
"Kiss","Unmasked","1,200","https://www.facebook.com/marketplace/item/2715135602175834"
"Kiss","Creatures of the Night (40th Anniversary Deluxe Edition)","1,200","https://www.facebook.com/marketplace/item/2715135602175834"
"Kiss","Creatures of the Night (Half-Speed Master)","1,200","https://www.facebook.com/marketplace/item/2715135602175834"
"Kiss","Double Platinum","1,200","https://www.facebook.com/marketplace/item/2715135602175834"
"Alice Cooper","Flush the Fashion","12","https://www.facebook.com/marketplace/item/1421370529634767"
"Talking Heads","Life During Wartime","12","https://www.facebook.com/marketplace/item/1421370529634767"
"Rainbow","Ritchie Blackmore's Rainbow","12","https://www.facebook.com/marketplace/item/1421370529634767"
"Johnny Winter","Nothin' But the Blues","12","https://www.facebook.com/marketplace/item/1421370529634767"
"Midnight Oil","Red Sails in the Sunset","12","https://www.facebook.com/marketplace/item/1421370529634767"
"George Harrison","Dark Horse","12","https://www.facebook.com/marketplace/item/1421370529634767"
"Gentle Giant","Giant for a Day!","12","https://www.facebook.com/marketplace/item/1421370529634767"
"UFO","Strangers in the Night","12","https://www.facebook.com/marketplace/item/1421370529634767"
"Robin Trower","Robin Trower Live!","12","https://www.facebook.com/marketplace/item/1421370529634767"
"Peter Gabriel","Peter Gabriel (Car)","12","https://www.facebook.com/marketplace/item/1421370529634767"
"Rainbow","Long Live Rock 'n' Roll","12","https://www.facebook.com/marketplace/item/1421370529634767"
"Foreigner","Agent Provocateur","12","https://www.facebook.com/marketplace/item/1421370529634767"
"Johnny Winter","John Dawson Winter III","12","https://www.facebook.com/marketplace/item/1421370529634767"
"Foghat","Boogie Motel","12","https://www.facebook.com/marketplace/item/1421370529634767"
"Focus","Ship of Memories","9","https://www.facebook.com/marketplace/item/742516015607220"
"Glenn Miller","A Legendary Performer","9","https://www.facebook.com/marketplace/item/742516015607220"
"Oscar Peterson","The History of an Artist","9","https://www.facebook.com/marketplace/item/742516015607220"
"Squeeze","East Side Story","9","https://www.facebook.com/marketplace/item/742516015607220"
"Visage","Visage","9","https://www.facebook.com/marketplace/item/742516015607220"
"The Guess Who","Track Record","9","https://www.facebook.com/marketplace/item/742516015607220"
"Wings","Venus and Mars","9","https://www.facebook.com/marketplace/item/742516015607220"
"Graham Parker and The Rumour","High Times: The Best of Graham Parker and the Rumour","9","https://www.facebook.com/marketplace/item/742516015607220"
"The Ventures","Golden Greats","9","https://www.facebook.com/marketplace/item/742516015607220"
"Carpenters","Golden Prize","9","https://www.facebook.com/marketplace/item/742516015607220"
"After the Fire","Der Kommissar","9","https://www.facebook.com/marketplace/item/742516015607220"
"The Firesign Theatre","Fighting Clowns","9","https://www.facebook.com/marketplace/item/742516015607220"
"Sweet","Give Us a Wink!","9","https://www.facebook.com/marketplace/item/742516015607220"
"Suzi Quatro","Your Mamma Won't Like Me","9","https://www.facebook.com/marketplace/item/742516015607220"
"Johnny Nash","I Can See Clearly Now","9","https://www.facebook.com/marketplace/item/742516015607220"
"The Graeme Edge Band Featuring Adrian Gurvitz","Kick Off Your Muddy Boots","9","https://www.facebook.com/marketplace/item/742516015607220"
"Synergy","Audion","9","https://www.facebook.com/marketplace/item/742516015607220"
"Al Di Meola","Splendido Hotel","9","https://www.facebook.com/marketplace/item/742516015607220"
"The Moody Blues","Octave","100","https://www.facebook.com/marketplace/item/1406090800834537"
"The Moody Blues","In Search of the Lost Chord","100","https://www.facebook.com/marketplace/item/1406090800834537"
"The Moody Blues","This Is The Moody Blues","100","https://www.facebook.com/marketplace/item/1406090800834537"
"The Moody Blues","On the Threshold of a Dream","100","https://www.facebook.com/marketplace/item/1406090800834537"
"The Moody Blues","Every Good Boy Deserves Favour","100","https://www.facebook.com/marketplace/item/1406090800834537"
"The Moody Blues","The Present","100","https://www.facebook.com/marketplace/item/1406090800834537"
"The Moody Blues","To Our Children's Children's Children","100","https://www.facebook.com/marketplace/item/1406090800834537"
"John Cafferty & The Beaver Brown Band","Eddie and the Cruisers (Original Motion Picture Soundtrack)","8","https://www.facebook.com/marketplace/item/933366569375123"
"Various Artists","Star Trek","8","https://www.facebook.com/marketplace/item/933366569375123"
"The Blues Brothers","The Blues Brothers (Original Soundtrack Recording)","8","https://www.facebook.com/marketplace/item/933366569375123"
"Los Lobos / Various Artists","La Bamba (Original Motion Picture Soundtrack)","8","https://www.facebook.com/marketplace/item/933366569375123"
"Bee Gees / Various Artists","Staying Alive (The Original Motion Picture Soundtrack)","8","https://www.facebook.com/marketplace/item/933366569375123"
"Various Artists","Endless Love (Original Motion Picture Soundtrack)","8","https://www.facebook.com/marketplace/item/933366569375123"
"Various Artists","Beverly Hills Cop II (Motion Picture Soundtrack)","8","https://www.facebook.com/marketplace/item/933366569375123"
"Giorgio Moroder","American Gigolo (Original Soundtrack Album)","8","https://www.facebook.com/marketplace/item/933366569375123"
"Jack Nitzsche / Various Artists","An Officer and a Gentleman (Officier et Gentleman)","8","https://www.facebook.com/marketplace/item/933366569375123"
"Various Artists","Back to the Future (Music From The Motion Picture Soundtrack)","8","https://www.facebook.com/marketplace/item/933366569375123"
"Vangelis","Chariots of Fire","8","https://www.facebook.com/marketplace/item/933366569375123"
"Various Artists","Annie (Original Motion Picture Soundtrack)","8","https://www.facebook.com/marketplace/item/933366569375123"
"Stevie Wonder","The Woman in Red (Selections From The Original Motion Picture Soundtrack)","8","https://www.facebook.com/marketplace/item/933366569375123"
"Various Artists","Caddyshack II (Original Motion Picture Soundtrack)","8","https://www.facebook.com/marketplace/item/933366569375123"
"John Williams","The Empire Strikes Back (The Adventures of Luke Skywalker)","8","https://www.facebook.com/marketplace/item/933366569375123"
"Olivia Newton-John / Electric Light Orchestra","Xanadu (Original Motion Picture Soundtrack)","8","https://www.facebook.com/marketplace/item/933366569375123"
"Various Artists","Perfect (Original Soundtrack Album)","8","https://www.facebook.com/marketplace/item/933366569375123"
"John Williams","The Story of Star Wars","8","https://www.facebook.com/marketplace/item/933366569375123"
"Tom Scott","Stir Crazy (Original Motion Picture Soundtrack)","8","https://www.facebook.com/marketplace/item/933366569375123"
"Elton John","Friends (Original Soundtrack Recording)","8","https://www.facebook.com/marketplace/item/933366569375123"
"Bob & Doug McKenzie","Great White North","8","https://www.facebook.com/marketplace/item/933366569375123"
"Irene Cara","Flashdance... What A Feeling","8","https://www.facebook.com/marketplace/item/933366569375123"
"John Williams","E.T. The Extra-Terrestrial (Music From The Original Soundtrack)","8","https://www.facebook.com/marketplace/item/933366569375123"
"Various Artists","American Anthem (Original Motion Picture Soundtrack)","8","https://www.facebook.com/marketplace/item/933366569375123"
"Various Artists","The Secret of My Success (Music From The Motion Picture Soundtrack)","8","https://www.facebook.com/marketplace/item/933366569375123"
"Robin Williams & Shelley Duvall / Harry Nilsson","Popeye (Original Motion Picture Soundtrack Album)","8","https://www.facebook.com/marketplace/item/933366569375123"
"Various Artists / Jan Hammer","Miami Vice (Music From The Television Series)","8","https://www.facebook.com/marketplace/item/933366569375123"
"Maurice Jarre","Fatal Attraction (Original Motion Picture Soundtrack)","8","https://www.facebook.com/marketplace/item/933366569375123"
"Various Artists","Coast to Coast (Music From The Original Motion Picture Soundtrack)","8","https://www.facebook.com/marketplace/item/933366569375123"
"Various Artists","Beverly Hills Cop (Music From The Motion Picture Soundtrack)","8","https://www.facebook.com/marketplace/item/933366569375123"
"Various Artists","Salsa (Original Motion Picture Soundtrack)","8","https://www.facebook.com/marketplace/item/933366569375123"
"Lalo Schifrin","The Competition (Music From The Original Motion Picture Soundtrack)","8","https://www.facebook.com/marketplace/item/933366569375123"
"Creedence Clearwater Revival","Cosmo's Factory","130","https://www.facebook.com/marketplace/item/895099576657203"
"Creedence Clearwater Revival","Chronicle: The 20 Greatest Hits","130","https://www.facebook.com/marketplace/item/895099576657203"
"Creedence Clearwater Revival","1970","130","https://www.facebook.com/marketplace/item/895099576657203"
"Creedence Clearwater Revival","Chronicle Volume Two","130","https://www.facebook.com/marketplace/item/895099576657203"
"The Manhattan Transfer","Live","10","https://www.facebook.com/marketplace/item/1204629255214514"
"Marianne Faithfull","A Child's Adventure","10","https://www.facebook.com/marketplace/item/1204629255214514"
"Jeff Beck with the Jan Hammer Group","Live","10","https://www.facebook.com/marketplace/item/1204629255214514"
"Prism","See Forever Eyes","10","https://www.facebook.com/marketplace/item/1204629255214514"
"Spoons","Arias & Symphonies","10","https://www.facebook.com/marketplace/item/1204629255214514"
"Wednesday","Last Kiss","10","https://www.facebook.com/marketplace/item/1204629255214514"
"The Good Brothers","Live","10","https://www.facebook.com/marketplace/item/1204629255214514"
"Asia","Asia","10","https://www.facebook.com/marketplace/item/1204629255214514"
"The Who","Who Are You","10","https://www.facebook.com/marketplace/item/1204629255214514"
"Billy Ocean","Suddenly","10","https://www.facebook.com/marketplace/item/1204629255214514"
"Huey Lewis and the News","Sports","10","https://www.facebook.com/marketplace/item/1204629255214514"
"Gino Vannelli","Black Cars","10","https://www.facebook.com/marketplace/item/1204629255214514"
"Corey Hart","Fields of Fire","10","https://www.facebook.com/marketplace/item/1204629255214514"
"Bad Company","Run with the Pack","10","https://www.facebook.com/marketplace/item/1204629255214514"
"Three Dog Night","Hard Labor","10","https://www.facebook.com/marketplace/item/1204629255214514"
"G.T. Moore","G.T. Moore","10","https://www.facebook.com/marketplace/item/1204629255214514"
"Various Artists","Great Motion Picture Themes","10","https://www.facebook.com/marketplace/item/1204629255214514"
"Chris de Burgh","Spanish Train and Other Stories","10","https://www.facebook.com/marketplace/item/1204629255214514"
"Bruce Cockburn","Humans","10","https://www.facebook.com/marketplace/item/1204629255214514"
"Three Dog Night","Captured Live at the Forum","10","https://www.facebook.com/marketplace/item/1204629255214514"
"U2","Boy","10","https://www.facebook.com/marketplace/item/1204629255214514"
"Electric Light Orchestra","On the Third Day","10","https://www.facebook.com/marketplace/item/1204629255214514"
"Barry Manilow","If I Should Love Again","10","https://www.facebook.com/marketplace/item/1204629255214514"
"The Guess Who","Share the Land","10","https://www.facebook.com/marketplace/item/1204629255214514"
"The Guess Who","Rockin'","10","https://www.facebook.com/marketplace/item/1204629255214514"
"Sheriff","Sheriff","10","https://www.facebook.com/marketplace/item/1204629255214514"
"Christopher Cross","Another Page","10","https://www.facebook.com/marketplace/item/1204629255214514"
"Be-Bop Deluxe","The Best Of and the Rest Of Be Bop Deluxe","10","https://www.facebook.com/marketplace/item/1204629255214514"
"Streetheart","Meanwhile Back in Paris...","10","https://www.facebook.com/marketplace/item/1204629255214514"
"Pretenders","Pretenders","10","https://www.facebook.com/marketplace/item/1204629255214514"
"Tubeway Army featuring Gary Numan","Tubeway Army","10","https://www.facebook.com/marketplace/item/1204629255214514"
"Billy Joel","Cold Spring Harbor","6","https://www.facebook.com/marketplace/item/2716607988687477"
"Carolyne Mas","Hold On","6","https://www.facebook.com/marketplace/item/2716607988687477"
"Boys Don't Cry","Boys Don't Cry","6","https://www.facebook.com/marketplace/item/2716607988687477"
"Klaatu","Hope","6","https://www.facebook.com/marketplace/item/2716607988687477"
"Toto","Hydra","6","https://www.facebook.com/marketplace/item/2716607988687477"
"Lighthouse","One Fine Morning","6","https://www.facebook.com/marketplace/item/2716607988687477"
"Klaatu","3:47 EST","6","https://www.facebook.com/marketplace/item/2716607988687477"
"Golden Earring","Live","6","https://www.facebook.com/marketplace/item/2716607988687477"
"The Blues Project","The Blues Project","6","https://www.facebook.com/marketplace/item/2716607988687477"
"Todd Rundgren","The Ballad of Todd Rundgren","6","https://www.facebook.com/marketplace/item/2716607988687477"
"Dr. Hook","A Little Bit More","6","https://www.facebook.com/marketplace/item/2716607988687477"
"Donna Summer","Live and More","6","https://www.facebook.com/marketplace/item/2716607988687477"
"Gene Pitney","The Fabulous Gene Pitney","6","https://www.facebook.com/marketplace/item/2716607988687477"
"Mike Oldfield","Ommadawn","6","https://www.facebook.com/marketplace/item/2716607988687477"
"Nick Gilder","City Nights","6","https://www.facebook.com/marketplace/item/2716607988687477"
"Blood, Sweat & Tears","Greatest Hits","6","https://www.facebook.com/marketplace/item/2716607988687477"
"Loggins & Messina","Finale","6","https://www.facebook.com/marketplace/item/2716607988687477"
"Thelonious Monk","Blue Sphere","6","https://www.facebook.com/marketplace/item/2716607988687477"
"Joe Jackson","I'm the Man","6","https://www.facebook.com/marketplace/item/2716607988687477"
"Corey Hart","Boy in the Box","6","https://www.facebook.com/marketplace/item/2716607988687477"
"Bruford","Feels Good to Me","6","https://www.facebook.com/marketplace/item/2716607988687477"
"Sonny & Cher","All I Ever Need Is You","6","https://www.facebook.com/marketplace/item/2716607988687477"
"Chicago","Chicago XI","6","https://www.facebook.com/marketplace/item/2716607988687477"
"Monty Python","Contractual Obligation Album","6","https://www.facebook.com/marketplace/item/2716607988687477"
"Bee Gees","Main Course","6","https://www.facebook.com/marketplace/item/2716607988687477"
"George Carlin","Toledo Window Box","6","https://www.facebook.com/marketplace/item/2716607988687477"
"Village People","Go West","6","https://www.facebook.com/marketplace/item/2716607988687477"
"Ambrosia","Ambrosia","6","https://www.facebook.com/marketplace/item/2716607988687477"
"The Charlie Daniels Band","Volunteer Jam III and IV","6","https://www.facebook.com/marketplace/item/2716607988687477"
"Melissa Manchester","Don't Cry Out Loud","6","https://www.facebook.com/marketplace/item/2716607988687477"
"Liona Boyd","The First Lady of the Guitar","6","https://www.facebook.com/marketplace/item/2716607988687477"
"Dan Fogelberg and Tim Weisberg","Twin Sons of Different Mothers","6","https://www.facebook.com/marketplace/item/2716607988687477"
"Ten Years After","Recorded Live","6","https://www.facebook.com/marketplace/item/2716607988687477"
"Gordon Lightfoot","Dream Street Rose","6","https://www.facebook.com/marketplace/item/2716607988687477"
"The Doobie Brothers","Toulouse Street","6","https://www.facebook.com/marketplace/item/2716607988687477"
"John Lennon","Walls and Bridges","6","https://www.facebook.com/marketplace/item/2716607988687477"
"James Gang","Jesse Come Home","6","https://www.facebook.com/marketplace/item/2716607988687477"
"Bee Gees","Best of Bee Gees","6","https://www.facebook.com/marketplace/item/2716607988687477"
"Yipes!","Yipes!","6","https://www.facebook.com/marketplace/item/2716607988687477"
"James Gang","Miami","6","https://www.facebook.com/marketplace/item/2716607988687477"
"The Motels","Careful","6","https://www.facebook.com/marketplace/item/2716607988687477"
"John Fogerty","Centerfield","6","https://www.facebook.com/marketplace/item/1473401097636596"
"Steve Martin","Let's Get Small","6","https://www.facebook.com/marketplace/item/1473401097636596"
"Three Dog Night","It Ain't Easy","6","https://www.facebook.com/marketplace/item/1473401097636596"
"Wilson Pickett","Miz Lena's Boy","6","https://www.facebook.com/marketplace/item/1473401097636596"
"Thelonious Monk","The Golden Monk","6","https://www.facebook.com/marketplace/item/1473401097636596"
"Ellen Foley","Nightout","6","https://www.facebook.com/marketplace/item/1473401097636596"
"Star Trek / Peter Pan Records","Four Exciting All New Action Adventure Stories","6","https://www.facebook.com/marketplace/item/1473401097636596"
"Cecil Taylor","Indent","6","https://www.facebook.com/marketplace/item/1473401097636596"
"Crystal Gayle","I've Cried the Blue Right Out of My Eyes","6","https://www.facebook.com/marketplace/item/1473401097636596"
"Bay City Rollers","Dedication","6","https://www.facebook.com/marketplace/item/1473401097636596"
"Gary Numan","Telekon","6","https://www.facebook.com/marketplace/item/1473401097636596"
"Hagood Hardy","The Homecoming","6","https://www.facebook.com/marketplace/item/1473401097636596"
"Steve Hillage","Fish Rising","6","https://www.facebook.com/marketplace/item/1473401097636596"
"Boy Meets Girl","Reel Life","6","https://www.facebook.com/marketplace/item/1473401097636596"
"Liona Boyd","Persona","6","https://www.facebook.com/marketplace/item/1473401097636596"
"Joe Jackson","Body and Soul","6","https://www.facebook.com/marketplace/item/1473401097636596"
"The Knack","Get the Knack","6","https://www.facebook.com/marketplace/item/1473401097636596"
"Paul Anka","Greatest Hits","6","https://www.facebook.com/marketplace/item/1473401097636596"
"Downchild Blues Band","Ready to Go","6","https://www.facebook.com/marketplace/item/1473401097636596"
"ABC","The Lexicon of Love","6","https://www.facebook.com/marketplace/item/1473401097636596"
"Prism","Armageddon","6","https://www.facebook.com/marketplace/item/1473401097636596"
"Marvin Hamlisch / Scott Joplin","The Sting (Original Motion Picture Soundtrack)","6","https://www.facebook.com/marketplace/item/1473401097636596"
"Sir Neville Marriner / Academy of St Martin in the Fields","Amadeus (Original Soundtrack Recording)","6","https://www.facebook.com/marketplace/item/1473401097636596"
"Carpenters","A Song for You","6","https://www.facebook.com/marketplace/item/1473401097636596"
"Tammy Wynette","Tammy Wynette's Greatest Hits Volume Three","6","https://www.facebook.com/marketplace/item/1473401097636596"
"Carpenters","Carpenters","6","https://www.facebook.com/marketplace/item/1473401097636596"
"Pat Benatar","Tropico","6","https://www.facebook.com/marketplace/item/1473401097636596"
"Toto","Toto","6","https://www.facebook.com/marketplace/item/1473401097636596"
"John Lennon & Yoko Ono","Double Fantasy","6","https://www.facebook.com/marketplace/item/1473401097636596"
"The Fixx","Phantoms","6","https://www.facebook.com/marketplace/item/1473401097636596"
"Olivia Newton-John","Olivia's Greatest Hits Vol. 2","6","https://www.facebook.com/marketplace/item/1473401097636596"
"Joe Jackson","Night and Day","6","https://www.facebook.com/marketplace/item/1473401097636596"
"Lisa Lisa and Cult Jam","Spanish Fly","6","https://www.facebook.com/marketplace/item/1473401097636596"
"Pat Benatar","Get Nervous","6","https://www.facebook.com/marketplace/item/1473401097636596"
"Men at Work","Business as Usual","6","https://www.facebook.com/marketplace/item/1473401097636596"
"Various Artists","Streets of Fire (Music from the Original Motion Picture Soundtrack)","6","https://www.facebook.com/marketplace/item/1473401097636596"
"Gary Wright","The Light of Smiles","6","https://www.facebook.com/marketplace/item/1473401097636596"
"Frank Mills","Sunday Morning Suite","6","https://www.facebook.com/marketplace/item/1473401097636596"
"Saga","In Transit","6","https://www.facebook.com/marketplace/item/1473401097636596"
"Amii Stewart","Knock on Wood","6","https://www.facebook.com/marketplace/item/1473401097636596"
"W.A.S.P.","ReIdolized (The Soundtrack to The Crimson Idol)","280","https://www.facebook.com/marketplace/item/1997894294481457"
"W.A.S.P.","Golgotha","280","https://www.facebook.com/marketplace/item/1997894294481457"
"W.A.S.P.","Dominator","280","https://www.facebook.com/marketplace/item/1997894294481457"
"W.A.S.P.","Helldorado","280","https://www.facebook.com/marketplace/item/1997894294481457"
"W.A.S.P.","Live... in the Raw","280","https://www.facebook.com/marketplace/item/1997894294481457"
"W.A.S.P.","Scream Until You Like It","280","https://www.facebook.com/marketplace/item/1997894294481457"
"W.A.S.P.","Blind in Texas","280","https://www.facebook.com/marketplace/item/1997894294481457"
"W.A.S.P.","Forever Free","280","https://www.facebook.com/marketplace/item/1997894294481457"
"The Who","The Kids Are Alright","7","https://www.facebook.com/marketplace/item/1443618330691803"
"Burton Cummings","Sweet Sweet","7","https://www.facebook.com/marketplace/item/1443618330691803"
"Joe Cocker","Mad Dogs & Englishmen","7","https://www.facebook.com/marketplace/item/1443618330691803"
"Rod Stewart","Tonight I'm Yours","7","https://www.facebook.com/marketplace/item/1443618330691803"
"Rod Stewart","Foolish Behaviour","7","https://www.facebook.com/marketplace/item/1443618330691803"
"Rod Stewart","A Night on the Town","7","https://www.facebook.com/marketplace/item/1443618330691803"
"Rod Stewart","Blondes Have More Fun","7","https://www.facebook.com/marketplace/item/1443618330691803"
"The Tubes","Remote Control","7","https://www.facebook.com/marketplace/item/1443618330691803"
"Todd Rundgren","Initiation","7","https://www.facebook.com/marketplace/item/1443618330691803"
"Cream","Goodbye","7","https://www.facebook.com/marketplace/item/1443618330691803"
"Focus","Focus 3","7","https://www.facebook.com/marketplace/item/1443618330691803"
"Paul Revere & The Raiders","All-Time Greatest Hits","7","https://www.facebook.com/marketplace/item/1443618330691803"
"Julian Lennon","Too Late for Goodbyes","7","https://www.facebook.com/marketplace/item/1443618330691803"
"Todd Rundgren","Todd","7","https://www.facebook.com/marketplace/item/1443618330691803"
"George Harrison","Somewhere in England","7","https://www.facebook.com/marketplace/item/1443618330691803"
"Emerson, Lake & Palmer","Trilogy","7","https://www.facebook.com/marketplace/item/1443618330691803"
"Bread","The Best of Bread","7","https://www.facebook.com/marketplace/item/1443618330691803"
"Dennis DeYoung","Desert Moon","7","https://www.facebook.com/marketplace/item/1443618330691803"
"The Beach Boys","Beach Boys '69 (Live in London)","7","https://www.facebook.com/marketplace/item/884491541092442"
"Randy Bachman","Axe","7","https://www.facebook.com/marketplace/item/884491541092442"
"Three Dog Night","Harmony","7","https://www.facebook.com/marketplace/item/884491541092442"
"Cher","Half-Breed","7","https://www.facebook.com/marketplace/item/884491541092442"
"Lighthouse","20 Great Hits","7","https://www.facebook.com/marketplace/item/884491541092442"
"The Box Tops","Greatest Hits","7","https://www.facebook.com/marketplace/item/884491541092442"
"Three Dog Night","Golden Bisquits","7","https://www.facebook.com/marketplace/item/884491541092442"
"Lucifer's Friend","Mind Exploding","7","https://www.facebook.com/marketplace/item/884491541092442"
"Pat Benatar","Live from Earth","7","https://www.facebook.com/marketplace/item/884491541092442"
"Outlaws","Lady in Waiting","7","https://www.facebook.com/marketplace/item/884491541092442"
"Air Supply","Lost in Love","7","https://www.facebook.com/marketplace/item/884491541092442"
"The Beach Boys","Spirit of America","7","https://www.facebook.com/marketplace/item/884491541092442"
"Peter Frampton","I'm in You","7","https://www.facebook.com/marketplace/item/884491541092442"
"Outlaws","Playin' to Win","7","https://www.facebook.com/marketplace/item/884491541092442"
"Flash and the Pan","Flash and the Pan","7","https://www.facebook.com/marketplace/item/884491541092442"
"Peter Gabriel","Peter Gabriel (Security)","7","https://www.facebook.com/marketplace/item/884491541092442"
"Poco","Head over Heels","7","https://www.facebook.com/marketplace/item/884491541092442"
"Dr. Hook","The Best of Dr. Hook","7","https://www.facebook.com/marketplace/item/1336257701573569"
"Pat Benatar","Crimes of Passion","7","https://www.facebook.com/marketplace/item/1336257701573569"
"Cutting Crew","Broadcast","7","https://www.facebook.com/marketplace/item/1336257701573569"
"Triumph","Allied Forces","7","https://www.facebook.com/marketplace/item/1336257701573569"
"Goddo","An Act of Goddo","7","https://www.facebook.com/marketplace/item/1336257701573569"
"Various Artists","Q107 Homegrown Volume 8","7","https://www.facebook.com/marketplace/item/1336257701573569"
"Various Artists","Q107 Homegrown Volume V","7","https://www.facebook.com/marketplace/item/1336257701573569"
"The Stampeders","Greatest Hits","7","https://www.facebook.com/marketplace/item/1336257701573569"
"Glass Tiger","The Thin Red Line","7","https://www.facebook.com/marketplace/item/1336257701573569"
"Cat Stevens","Buddha and the Chocolate Box","7","https://www.facebook.com/marketplace/item/1336257701573569"
"Anne Murray","New Kind of Feeling","7","https://www.facebook.com/marketplace/item/1336257701573569"
"Richard Marx","Repeat Offender","7","https://www.facebook.com/marketplace/item/1336257701573569"
"Pat Benatar","Precious Time","7","https://www.facebook.com/marketplace/item/1336257701573569"
"Pat Benatar","In the Heat of the Night","7","https://www.facebook.com/marketplace/item/1336257701573569"
"Chicago","Chicago X","7","https://www.facebook.com/marketplace/item/1336257701573569"
"Chicago","Chicago Transit Authority","7","https://www.facebook.com/marketplace/item/1336257701573569"
"Emerson, Lake & Palmer","Welcome Back My Friends to the Show That Never Ends... Ladies and Gentlemen","8","https://www.facebook.com/marketplace/item/3611075865696185"
"Emerson, Lake & Palmer","Works Volume 1","8","https://www.facebook.com/marketplace/item/3611075865696185"
"Emerson, Lake & Palmer","Brain Salad Surgery","8","https://www.facebook.com/marketplace/item/3611075865696185"
"Emerson, Lake & Palmer","Emerson, Lake & Palmer","8","https://www.facebook.com/marketplace/item/3611075865696185"
"Emerson, Lake & Palmer","Pictures at an Exhibition","8","https://www.facebook.com/marketplace/item/3611075865696185"
"Emerson, Lake & Palmer","Love Beach","8","https://www.facebook.com/marketplace/item/3611075865696185"
"Linkin Park","From Zero","25","https://www.facebook.com/marketplace/item/1477927527277388"
"Ed Sheeran","+–=÷× (Tour Collection)","25","https://www.facebook.com/marketplace/item/1477927527277388"
"Sex Pistols","Live in the U.S.A. (South East Music Hall, Atlanta)","25","https://www.facebook.com/marketplace/item/1477927527277388"
"Korn","The Nothing","25","https://www.facebook.com/marketplace/item/1477927527277388"
"Lola Young","This Wasn't Meant for You Anyway","25","https://www.facebook.com/marketplace/item/1477927527277388"
"Linkin Park","Papercuts: Singles Collection 2000–2023","25","https://www.facebook.com/marketplace/item/1477927527277388"
"Papa Roach","Infest","25","https://www.facebook.com/marketplace/item/1477927527277388"
"The Black Keys","Rubber Factory","25","https://www.facebook.com/marketplace/item/1477927527277388"
"The Jimi Hendrix Experience","Axis: Bold as Love","25","https://www.facebook.com/marketplace/item/1477927527277388"
"Crowded House","Crowded House","25","https://www.facebook.com/marketplace/item/912955905010824"
"Various Artists","Summer Love - 45 Original Hits Original Stars","15","https://www.facebook.com/marketplace/item/912955905010824"
"Be-Bop Deluxe","Axe Victim","15","https://www.facebook.com/marketplace/item/912955905010824"
"U2","The Unforgettable Fire","15","https://www.facebook.com/marketplace/item/912955905010824"
"April Wine","First Glance","15","https://www.facebook.com/marketplace/item/912955905010824"
"Bruce Springsteen","Born to Run","15","https://www.facebook.com/marketplace/item/912955905010824"
"Badfinger","Say No More","20","https://www.facebook.com/marketplace/item/912955905010824"
"The Animals","The Best of The Animals","15","https://www.facebook.com/marketplace/item/912955905010824"
"Rory Gallagher","Photo-Finish","15","https://www.facebook.com/marketplace/item/912955905010824"
"Various Artists","The Original Honky Tonk Piano","15","https://www.facebook.com/marketplace/item/912955905010824"
"Donovan","The Real Donovan","15","https://www.facebook.com/marketplace/item/912955905010824"
"Krokus","Headhunter","15","https://www.facebook.com/marketplace/item/912955905010824"
"Eric Clapton","Eric Clapton","15","https://www.facebook.com/marketplace/item/912955905010824"
"Kovács Kati","Kati 713","15","https://www.facebook.com/marketplace/item/912955905010824"
"Miles Davis & Thelonious Monk","Miles & Monk at Newport","15","https://www.facebook.com/marketplace/item/912955905010824"
"Elvis Costello and The Attractions","Armed Forces","15","https://www.facebook.com/marketplace/item/912955905010824"
"Yello","1980 - 1985 The New Mix in One Go","15","https://www.facebook.com/marketplace/item/912955905010824"
"Hot Tuna","Yellow Fever","15","https://www.facebook.com/marketplace/item/912955905010824"
"Toronto","Head On","$9","https://www.facebook.com/marketplace/item/1955670995300223"
"Iron Butterfly","In-A-Gadda-Da-Vida","$7","https://www.facebook.com/marketplace/item/1955670995300223"
"Various Artists","Street Hits","$9","https://www.facebook.com/marketplace/item/1955670995300223"
"Klaatu","Sir Army Suit","8","https://www.facebook.com/marketplace/item/1955670995300223"
"Various Artists","Country Radio Classics Volume One","8","https://www.facebook.com/marketplace/item/1955670995300223"
"Bachman-Turner Overdrive","Best of B.T.O. (So Far)","$9","https://www.facebook.com/marketplace/item/1955670995300223"
"Joni Mitchell","Ladies of the Canyon","$5","https://www.facebook.com/marketplace/item/1955670995300223"
"Chuck Berry","Toronto Rock 'N' Roll Revival 1969, Volume II","8","https://www.facebook.com/marketplace/item/1955670995300223"
"Missing Persons","Rhyme & Reason","8","https://www.facebook.com/marketplace/item/1955670995300223"
"Joni Mitchell","Court and Spark","8","https://www.facebook.com/marketplace/item/1955670995300223"
"Three Dog Night","Joy to the World: Their Greatest Hits","8","https://www.facebook.com/marketplace/item/1955670995300223"
"The Allman Brothers Band","Enlightened Rogues","8","https://www.facebook.com/marketplace/item/1955670995300223"
"Chick Corea, David Holland, Barry Altschul","A.R.C.","8","https://www.facebook.com/marketplace/item/1955670995300223"
"Dr. Hook","Greatest Hits","8","https://www.facebook.com/marketplace/item/1955670995300223"
"Samantha Fox","Touch Me","8","https://www.facebook.com/marketplace/item/1955670995300223"
"Andy Gibb","Shadow Dancing","8","https://www.facebook.com/marketplace/item/1955670995300223"
"Chicago","Chicago 16","8","https://www.facebook.com/marketplace/item/1955670995300223"
"Gamma","Gamma 1","$9","https://www.facebook.com/marketplace/item/1955670995300223"
"Various Artists","Grease: The Original Soundtrack from the Motion Picture","8","https://www.facebook.com/marketplace/item/1955670995300223"
"Ram Jam","Portrait of the Artist as a Young Ram","8","https://www.facebook.com/marketplace/item/1955670995300223"
"Cat Stevens","Numbers","$8","https://www.facebook.com/marketplace/item/1955670995300223"
"Focus","Focus at the Rainbow","$9","https://www.facebook.com/marketplace/item/1955670995300223"
"Eric Burdon and The Animals","The Greatest Hits of Eric Burdon and The Animals","8","https://www.facebook.com/marketplace/item/1955670995300223"
"Toto","Tour of Japan 1980","$10","https://www.facebook.com/marketplace/item/1955670995300223"
"10cc","Sheet Music","8","https://www.facebook.com/marketplace/item/1955670995300223"
"Elvis Presley","Aloha from Hawaii Via Satellite","$8","https://www.facebook.com/marketplace/item/1955670995300223"
"Various Artists","This Is Music","8","https://www.facebook.com/marketplace/item/1955670995300223"
"Carly Simon","Boys in the Trees","8","https://www.facebook.com/marketplace/item/1955670995300223"
"Culture Club","Colour by Numbers","8","https://www.facebook.com/marketplace/item/1955670995300223"
"Robert Plant","The Principle of Moments","8","https://www.facebook.com/marketplace/item/921359730836223"
"Five Star","Silk & Steel","8","https://www.facebook.com/marketplace/item/921359730836223"
"Leon Redbone","On the Track","8","https://www.facebook.com/marketplace/item/921359730836223"
"XTC","Senses Working Overtime","8","https://www.facebook.com/marketplace/item/921359730836223"
"Outlaws","Outlaws","8","https://www.facebook.com/marketplace/item/921359730836223"
"The Hollies","Hollies' Greatest","8","https://www.facebook.com/marketplace/item/921359730836223"
"Various Artists","Rock '81: 81's Top Rock Stars","8","https://www.facebook.com/marketplace/item/921359730836223"
"Carlos Santana & Alice Coltrane","Illuminations","8","https://www.facebook.com/marketplace/item/921359730836223"
"Various Artists","More American Graffiti (Soundtrack)","8","https://www.facebook.com/marketplace/item/921359730836223"
"Various Artists","Concerts for the People of Kampuchea","8","https://www.facebook.com/marketplace/item/921359730836223"
"George Harrison","Extra Texture (Read All About It)","8","https://www.facebook.com/marketplace/item/921359730836223"
"Jethro Tull","Minstrel in the Gallery","8","https://www.facebook.com/marketplace/item/921359730836223"
"Journey","Journey","8","https://www.facebook.com/marketplace/item/921359730836223"
"U.K.","U.K.","8","https://www.facebook.com/marketplace/item/921359730836223"
"Trillion","Trillion","8","https://www.facebook.com/marketplace/item/921359730836223"
"Various Artists","Hits in Overdrive","8","https://www.facebook.com/marketplace/item/921359730836223"
"Various Artists","Gold & Platinum Volume 3","8","https://www.facebook.com/marketplace/item/921359730836223"
"Various Artists","Hit After Hit","8","https://www.facebook.com/marketplace/item/921359730836223"
"Bruce Springsteen","Born in the U.S.A.","8","https://www.facebook.com/marketplace/item/921359730836223"
"John Lennon","Imagine","8","https://www.facebook.com/marketplace/item/921359730836223"
"The Boomtown Rats","Mondo Bongo","8","https://www.facebook.com/marketplace/item/921359730836223"
"Todd Rundgren","Hermit of Mink Hollow","8","https://www.facebook.com/marketplace/item/921359730836223"
"Yello","Stella","8","https://www.facebook.com/marketplace/item/921359730836223"
"Alabama","40 Hour Week","8","https://www.facebook.com/marketplace/item/921359730836223"
"Yello","Claro Que Si","8","https://www.facebook.com/marketplace/item/921359730836223"
"Wang Chung","Points on the Curve","8","https://www.facebook.com/marketplace/item/921359730836223"
"King Crimson","Larks' Tongues in Aspic","8","https://www.facebook.com/marketplace/item/921359730836223"
"Richard Wright","Wet Dream","8","https://www.facebook.com/marketplace/item/921359730836223"
"Eric Burdon & The Animals","The Twain Shall Meet","8","https://www.facebook.com/marketplace/item/921359730836223"
"Haywire","Bad Habits","8","https://www.facebook.com/marketplace/item/921359730836223"
"The Kings","Are Here","8","https://www.facebook.com/marketplace/item/921359730836223"
"The Beach Boys","Endless Summer","8","https://www.facebook.com/marketplace/item/1252912423570704"
"Babe Ruth","Babe Ruth","8","https://www.facebook.com/marketplace/item/1252912423570704"
"Foghat","Foghat Live","8","https://www.facebook.com/marketplace/item/1252912423570704"
"Foghat","Stone Blue","8","https://www.facebook.com/marketplace/item/1252912423570704"
"Status Quo","Live!","8","https://www.facebook.com/marketplace/item/1252912423570704"
"Wet Willie","Greatest Hits","8","https://www.facebook.com/marketplace/item/1252912423570704"
"Andy Pratt","Andy Pratt","8","https://www.facebook.com/marketplace/item/1252912423570704"
"Willie Nelson","Stardust","8","https://www.facebook.com/marketplace/item/1252912423570704"
"Arlo Guthrie","Arlo","8","https://www.facebook.com/marketplace/item/1252912423570704"
"The Marshall Tucker Band","Dedicated","8","https://www.facebook.com/marketplace/item/1252912423570704"
"Artful Dodger","Babes on Broadway","8","https://www.facebook.com/marketplace/item/1252912423570704"
"Klaus Schulze","Moondawn","8","https://www.facebook.com/marketplace/item/1252912423570704"
"Arlo Guthrie","Alice's Restaurant","8","https://www.facebook.com/marketplace/item/1252912423570704"
"Babe Ruth","Kid's Stuff","8","https://www.facebook.com/marketplace/item/1252912423570704"
"Ian Thomas","The Runner","8","https://www.facebook.com/marketplace/item/1252912423570704"
"John Entwistle","Too Late the Hero","8","https://www.facebook.com/marketplace/item/1252912423570704"
"Animotion","Let Him Go","8","https://www.facebook.com/marketplace/item/1252912423570704"
"Nash the Slash","Decomposing","8","https://www.facebook.com/marketplace/item/1252912423570704"
"Sly & The Family Stone","Greatest Hits","8","https://www.facebook.com/marketplace/item/1252912423570704"
"Robin Trower","Twice Removed from Yesterday","8","https://www.facebook.com/marketplace/item/1252912423570704"
"Traffic","On the Road","8","https://www.facebook.com/marketplace/item/1252912423570704"
"Village People","Can't Stop the Music","8","https://www.facebook.com/marketplace/item/1252912423570704"
"Whitney Houston","Whitney","8","https://www.facebook.com/marketplace/item/1252912423570704"
"Headstone","Bad Habits","8","https://www.facebook.com/marketplace/item/1252912423570704"
"Aldo Nova","Subject... Aldo Nova","8","https://www.facebook.com/marketplace/item/1252912423570704"
"Eurythmics","1984 (For the Love of Big Brother)","8","https://www.facebook.com/marketplace/item/1252912423570704"
"Don Henley","I Can't Stand Still","8","https://www.facebook.com/marketplace/item/1252912423570704"
"FM","City of Fear","8","https://www.facebook.com/marketplace/item/1252912423570704"
"FM","Surveillance","8","https://www.facebook.com/marketplace/item/1252912423570704"
"Cream","Best of Cream","8","https://www.facebook.com/marketplace/item/1252912423570704"
"John Cougar","John Cougar","8","https://www.facebook.com/marketplace/item/1252912423570704"
"The Edgar Winter Group","They Only Come Out at Night","8","https://www.facebook.com/marketplace/item/1252912423570704"
"Jack Bruce, Bill Lordan, Robin Trower","B.L.T.","8","https://www.facebook.com/marketplace/item/1252912423570704"
"The Guess Who","So Long, Bannatyne","8","https://www.facebook.com/marketplace/item/1252912423570704"
"The Knack","Round Trip","8","https://www.facebook.com/marketplace/item/1252912423570704"
"Streetgames","Streetgames","8","https://www.facebook.com/marketplace/item/1252912423570704"
"Steve Winwood","Arc of a Diver","8","https://www.facebook.com/marketplace/item/1252912423570704"
"Mountain","The Best of Mountain","8","https://www.facebook.com/marketplace/item/1252912423570704"
"Rod Stewart","Gasoline Alley","8","https://www.facebook.com/marketplace/item/893414996635435"
"Michael Bolton","Michael Bolton","8","https://www.facebook.com/marketplace/item/893414996635435"
"Five Man Electrical Band","Sweet Paradise","8","https://www.facebook.com/marketplace/item/893414996635435"
"Molly Hatchet","Flirtin' with Disaster","8","https://www.facebook.com/marketplace/item/893414996635435"
"Milli Vanilli","Girl You Know It's True (12"" Single)","8","https://www.facebook.com/marketplace/item/893414996635435"
"Lone Justice","Lone Justice","8","https://www.facebook.com/marketplace/item/893414996635435"
"Blue Öyster Cult","Some Enchanted Evening","8","https://www.facebook.com/marketplace/item/893414996635435"
"Nash the Slash","Dreams and Nightmares","8","https://www.facebook.com/marketplace/item/893414996635435"
"The 5th Dimension","Portrait","8","https://www.facebook.com/marketplace/item/893414996635435"
"Babe Ruth","First Base","8","https://www.facebook.com/marketplace/item/893414996635435"
"Dr. Hook & The Medicine Show","Doctor Hook","8","https://www.facebook.com/marketplace/item/893414996635435"
"Thomas Dolby","The Golden Age of Wireless","8","https://www.facebook.com/marketplace/item/893414996635435"
"Ian Thomas Band","Calabash","8","https://www.facebook.com/marketplace/item/893414996635435"
"Chuck Mangione","Live at the Hollywood Bowl","8","https://www.facebook.com/marketplace/item/893414996635435"
"Yes","Tormato","8","https://www.facebook.com/marketplace/item/893414996635435"
"Jon and Vangelis","The Friends of Mr Cairo","8","https://www.facebook.com/marketplace/item/893414996635435"
"Tina Turner","Private Dancer","8","https://www.facebook.com/marketplace/item/893414996635435"
"Midge Ure","The Gift","8","https://www.facebook.com/marketplace/item/893414996635435"
"The Inmates","First Offence","8","https://www.facebook.com/marketplace/item/893414996635435"
"Kris Kristofferson","The Silver Tongued Devil and I","8","https://www.facebook.com/marketplace/item/893414996635435"
"Yes","90125","8","https://www.facebook.com/marketplace/item/893414996635435"
"Electric Light Orchestra","Out of the Blue","8","https://www.facebook.com/marketplace/item/893414996635435"
"Cheech & Chong","Cheech & Chong's Wedding Album","8","https://www.facebook.com/marketplace/item/893414996635435"
"The Monkees","The Monkees Greatest Hits","8","https://www.facebook.com/marketplace/item/893414996635435"
"Carlos Santana & Mahavishnu John McLaughlin","Love Devotion Surrender","8","https://www.facebook.com/marketplace/item/893414996635435"
"Harry Chapin","Verities & Balderdash","8","https://www.facebook.com/marketplace/item/893414996635435"
"Poco","Cowboys & Englishmen","8","https://www.facebook.com/marketplace/item/893414996635435"
"Mahavishnu Orchestra","Birds of Fire","8","https://www.facebook.com/marketplace/item/893414996635435"
"Ian Thomas Band","Glider","8","https://www.facebook.com/marketplace/item/893414996635435"
"Kim Mitchell","Akimbo Alimbo","8","https://www.facebook.com/marketplace/item/893414996635435"
"Jackson Browne","Lives in the Balance","8","https://www.facebook.com/marketplace/item/882697721219033"
"Jethro Tull","Stormwatch","8","https://www.facebook.com/marketplace/item/882697721219033"
"George Harrison","Gone Troppo","8","https://www.facebook.com/marketplace/item/882697721219033"
"Howard Jones","Human's Lib","8","https://www.facebook.com/marketplace/item/882697721219033"
"Mr. Mister","Welcome to the Real World","8","https://www.facebook.com/marketplace/item/882697721219033"
"Elton John","Tumbleweed Connection","8","https://www.facebook.com/marketplace/item/882697721219033"
"Loverboy","Keep It Up","8","https://www.facebook.com/marketplace/item/882697721219033"
"America","History: America's Greatest Hits","8","https://www.facebook.com/marketplace/item/882697721219033"
"Foghat","Rock and Roll Outlaws","8","https://www.facebook.com/marketplace/item/882697721219033"
"Eddie Money","Eddie Money","8","https://www.facebook.com/marketplace/item/882697721219033"
"The James Gang","Yer' Album","8","https://www.facebook.com/marketplace/item/882697721219033"
"Firefall","Firefall","8","https://www.facebook.com/marketplace/item/882697721219033"
"Robert Plant","Shaken 'n' Stirred","8","https://www.facebook.com/marketplace/item/882697721219033"
"Glenn Frey","The Allnighter","8","https://www.facebook.com/marketplace/item/882697721219033"
"T. Rex","The Slider","8","https://www.facebook.com/marketplace/item/882697721219033"
"Emerson, Lake & Palmer","Tarkus","8","https://www.facebook.com/marketplace/item/882697721219033"
"Chicago","Chicago 19","8","https://www.facebook.com/marketplace/item/882697721219033"
"Lou Gramm","Ready or Not","8","https://www.facebook.com/marketplace/item/882697721219033"
"Chicago","Chicago 13","8","https://www.facebook.com/marketplace/item/882697721219033"
"Bachman-Turner Overdrive","Bachman-Turner Overdrive II","8","https://www.facebook.com/marketplace/item/882697721219033"
"The Michael Schenker Group","Built to Destroy","8","https://www.facebook.com/marketplace/item/882697721219033"
"Small Faces","Playmates","8","https://www.facebook.com/marketplace/item/882697721219033"
"Yello","One Second","8","https://www.facebook.com/marketplace/item/882697721219033"
"Harry Chapin","On the Road to Kingdom Come","8","https://www.facebook.com/marketplace/item/882697721219033"
"Missing Persons","Spring Session M","8","https://www.facebook.com/marketplace/item/928452722868443"
"Split Enz","True Colours","8","https://www.facebook.com/marketplace/item/928452722868443"
"Bryan Adams","Bryan Adams","8","https://www.facebook.com/marketplace/item/928452722868443"
"Three Dog Night","Cyan","8","https://www.facebook.com/marketplace/item/928452722868443"
"Four Tops","Meeting of the Minds","8","https://www.facebook.com/marketplace/item/928452722868443"
"Derringer","Derringer Live","8","https://www.facebook.com/marketplace/item/928452722868443"
"Split Enz","Waiata","8","https://www.facebook.com/marketplace/item/928452722868443"
"The Ventures","The Very Best of The Ventures","8","https://www.facebook.com/marketplace/item/928452722868443"
"King Crimson","Discipline","8","https://www.facebook.com/marketplace/item/928452722868443"
"Burton Cummings","Dream of a Child","8","https://www.facebook.com/marketplace/item/928452722868443"
"The Charlie Daniels Band","Million Mile Reflections","8","https://www.facebook.com/marketplace/item/928452722868443"
"Blood, Sweat & Tears","Blood, Sweat & Tears","8","https://www.facebook.com/marketplace/item/928452722868443"
"The Moody Blues","Caught Live + 5","8","https://www.facebook.com/marketplace/item/928452722868443"
"Nazareth","Loud 'N' Proud","8","https://www.facebook.com/marketplace/item/928452722868443"
"Eddie Money","Life for the Taking","8","https://www.facebook.com/marketplace/item/1390604189044877"
"Toronto","Get It on Credit","8","https://www.facebook.com/marketplace/item/1390604189044877"
"Bruce Cockburn","Bruce Cockburn","8","https://www.facebook.com/marketplace/item/1390604189044877"
"Bob Seger & The Silver Bullet Band","Stranger in Town","8","https://www.facebook.com/marketplace/item/1390604189044877"
"John Cougar","Nothin' Matters and What If It Did","8","https://www.facebook.com/marketplace/item/1390604189044877"
"Bruce Springsteen","Darkness on the Edge of Town","8","https://www.facebook.com/marketplace/item/1390604189044877"
"Corey Hart","First Offense","8","https://www.facebook.com/marketplace/item/1390604189044877"
"Prism","All the Best from Prism","8","https://www.facebook.com/marketplace/item/1390604189044877"
"Toto","Isolation","8","https://www.facebook.com/marketplace/item/1390604189044877"
"ABBA","Voulez-Vous","8","https://www.facebook.com/marketplace/item/1390604189044877"
"Gino Vannelli","Brother to Brother","8","https://www.facebook.com/marketplace/item/1390604189044877"
"Neil Diamond","20 Golden Greats","8","https://www.facebook.com/marketplace/item/1451195936614419"
"Frankie Goes to Hollywood","Welcome to the Pleasuredome","8","https://www.facebook.com/marketplace/item/1451195936614419"
"Steve Winwood","Chronicles","8","https://www.facebook.com/marketplace/item/1451195936614419"
"The J. Geils Band","Freeze-Frame","8","https://www.facebook.com/marketplace/item/1451195936614419"
"April Wine","Live at the El Mocambo","8","https://www.facebook.com/marketplace/item/1451195936614419"
"The Who","Live at Leeds","8","https://www.facebook.com/marketplace/item/1451195936614419"
"The Kinks","Low Budget","8","https://www.facebook.com/marketplace/item/1451195936614419"
"Bryan Adams","You Want It You Got It","8","https://www.facebook.com/marketplace/item/1451195936614419"
"Jefferson Airplane","The Worst of Jefferson Airplane","8","https://www.facebook.com/marketplace/item/1451195936614419"
"The Guess Who","Flavours","8","https://www.facebook.com/marketplace/item/1451195936614419"
"Miami Sound Machine","Primitive Love","250","https://www.facebook.com/marketplace/item/1227820556161705"
"Joni Mitchell","Mingus","250","https://www.facebook.com/marketplace/item/1227820556161705"
"Laura Branigan","Self Control","250","https://www.facebook.com/marketplace/item/1227820556161705"
"Blondie","Parallel Lines","250","https://www.facebook.com/marketplace/item/1227820556161705"
"Linda Ronstadt","Hasten Down the Wind","250","https://www.facebook.com/marketplace/item/1227820556161705"
"Rough Trade","Live!","250","https://www.facebook.com/marketplace/item/1227820556161705"
"Laura Branigan","Branigan 2","250","https://www.facebook.com/marketplace/item/1227820556161705"
"Dolly Parton, Linda Ronstadt & Emmylou Harris","Trio","250","https://www.facebook.com/marketplace/item/1227820556161705"
"Anne Murray","Anne Murray's Greatest Hits","250","https://www.facebook.com/marketplace/item/1227820556161705"
"Starship","No Protection","250","https://www.facebook.com/marketplace/item/1227820556161705"
"One to One","Forward Your Emotions","250","https://www.facebook.com/marketplace/item/1227820556161705"
"Bette Midler","The Rose (The Original Soundtrack Recording)","250","https://www.facebook.com/marketplace/item/1227820556161705"
"Helen Reddy","Long Hard Climb","250","https://www.facebook.com/marketplace/item/1227820556161705"
"Luba","Secrets and Sins","250","https://www.facebook.com/marketplace/item/1227820556161705"
"Diana Ross & The Supremes","Anthology","250","https://www.facebook.com/marketplace/item/1227820556161705"
"Cyndi Lauper","True Colors","250","https://www.facebook.com/marketplace/item/1227820556161705"
"Yes","Fragile","70","https://www.facebook.com/marketplace/item/1444180607311238"
"Yes","Close to the Edge","70","https://www.facebook.com/marketplace/item/1444180607311238"
"Yes","Yesterdays","70","https://www.facebook.com/marketplace/item/1444180607311238"
"Bob Seger & The Silver Bullet Band","Nine Tonight","100","https://www.facebook.com/marketplace/item/756660490461517"
"Bob Seger & The Silver Bullet Band","Like a Rock","100","https://www.facebook.com/marketplace/item/756660490461517"
"Neil Young & Crazy Horse","Live Rust","110","https://www.facebook.com/marketplace/item/903207669259707"
"Peter Gabriel","Peter Gabriel","130","https://www.facebook.com/marketplace/item/1280730530613390"
"Genesis","Seconds Out","130","https://www.facebook.com/marketplace/item/1280730530613390"
"Genesis","From Genesis to Revelation","130","https://www.facebook.com/marketplace/item/1280730530613390"
"Genesis","A Trick of the Tail","130","https://www.facebook.com/marketplace/item/1280730530613390"
"Genesis","...And Then There Were Three...","130","https://www.facebook.com/marketplace/item/1280730530613390"
"Genesis","Wind & Wuthering","130","https://www.facebook.com/marketplace/item/1280730530613390"
"Genesis","Selling England by the Pound","130","https://www.facebook.com/marketplace/item/1280730530613390"
"Supertramp","Crime of the Century","60","https://www.facebook.com/marketplace/item/1258573876150166"
"Supertramp","Crisis? What Crisis?","60","https://www.facebook.com/marketplace/item/1258573876150166"
"Supertramp","Even in the Quietest Moments...","60","https://www.facebook.com/marketplace/item/1258573876150166"
"Aerosmith","Pump","100","https://www.facebook.com/marketplace/item/1594957095154874"
"Aerosmith","Aerosmith's Greatest Hits","100","https://www.facebook.com/marketplace/item/1594957095154874"
"The Beatles","A Hard Day's Night and Magical Mystery Tour / Let It Be, Help! and Yellow Submarine","1","https://www.facebook.com/marketplace/item/866105936194442"
"The Rolling Stones","Still Life (American Concert 1981)","1","https://www.facebook.com/marketplace/item/866105936194442"
"The Rolling Stones","Dirty Work","1","https://www.facebook.com/marketplace/item/866105936194442"
"The Beatles","Something New","1","https://www.facebook.com/marketplace/item/866105936194442"
"The Rolling Stones","December's Children (And Everybody's)","1","https://www.facebook.com/marketplace/item/866105936194442"
"The Rolling Stones","Emotional Rescue","1","https://www.facebook.com/marketplace/item/866105936194442"
"The Beatles","Twist and Shout","1","https://www.facebook.com/marketplace/item/866105936194442"
"The Beatles","Revolver","1","https://www.facebook.com/marketplace/item/866105936194442"
"The Rolling Stones","Hot Rocks 1964-1971","1","https://www.facebook.com/marketplace/item/866105936194442"
"The Rolling Stones","Metamorphosis","1","https://www.facebook.com/marketplace/item/866105936194442"
"The Beatles","Help!","1","https://www.facebook.com/marketplace/item/866105936194442"
"The Rolling Stones","Aftermath","1","https://www.facebook.com/marketplace/item/866105936194442"
"The Rolling Stones","Tour of Europe '76","1","https://www.facebook.com/marketplace/item/866105936194442"
"The Beatles","A Hard Day's Night","1","https://www.facebook.com/marketplace/item/866105936194442"
"The Rolling Stones","Tattoo You","1","https://www.facebook.com/marketplace/item/866105936194442"
"The Rolling Stones","Black and Blue","1","https://www.facebook.com/marketplace/item/1444962110351054"
"Sex Pistols","Live in the U.S.A.","1","https://www.facebook.com/marketplace/item/1444962110351054"
"Megadeth","The Sick, the Dying... and the Dead!","1","https://www.facebook.com/marketplace/item/1444962110351054"
"Cypress Hill","Cypress Hill III: Temples of Boom","1","https://www.facebook.com/marketplace/item/1444962110351054"
"Linkin Park","Papercuts","1","https://www.facebook.com/marketplace/item/1444962110351054"
"Motörhead","Bomber","1","https://www.facebook.com/marketplace/item/1444962110351054"
"Motörhead","Overkill","1","https://www.facebook.com/marketplace/item/1444962110351054"
"Winger","Winger","1","https://www.facebook.com/marketplace/item/1444962110351054"
"Winger","Pull","1","https://www.facebook.com/marketplace/item/1444962110351054"
"Winger","In the Heart of the Young","1","https://www.facebook.com/marketplace/item/1444962110351054"
"Ratt","Detonator","1","https://www.facebook.com/marketplace/item/1444962110351054"
"Ratt","Invasion of Your Privacy","1","https://www.facebook.com/marketplace/item/1444962110351054"
"Ratt","Reach for the Sky","1","https://www.facebook.com/marketplace/item/1444962110351054"
"Ratt","Dancing Undercover","1","https://www.facebook.com/marketplace/item/1444962110351054"
"Whitesnake","Lovehunter","1","https://www.facebook.com/marketplace/item/25753624220943386"
"Whitesnake","Whitesnake","1","https://www.facebook.com/marketplace/item/25753624220943386"
"Whitesnake","Live... in the Heart of the City","1","https://www.facebook.com/marketplace/item/25753624220943386"
"Lee Aaron","Lee Aaron","1","https://www.facebook.com/marketplace/item/25753624220943386"
"Lee Aaron","Metal Queen","1","https://www.facebook.com/marketplace/item/25753624220943386"
"Deep Purple","Perfect Strangers","1","https://www.facebook.com/marketplace/item/25753624220943386"
"Deep Purple","The Book of Taliesyn","1","https://www.facebook.com/marketplace/item/25753624220943386"
"Stryper","To Hell with the Devil","1","https://www.facebook.com/marketplace/item/25753624220943386"
"Stevie Ray Vaughan and Double Trouble","Couldn't Stand the Weather","1","https://www.facebook.com/marketplace/item/25753624220943386"
"Van Halen","Van Halen II","1","https://www.facebook.com/marketplace/item/25753624220943386"
"Girlschool","Hit and Run","1","https://www.facebook.com/marketplace/item/25753624220943386"
"Van Halen","Fair Warning","1","https://www.facebook.com/marketplace/item/25753624220943386"
"David Lee Roth","Skyscraper","1","https://www.facebook.com/marketplace/item/25753624220943386"
"Various Artists","Footloose (Original Motion Picture Soundtrack)","90","https://www.facebook.com/marketplace/item/1193858676253480"
"Glass Tiger","Diamond Sun","90","https://www.facebook.com/marketplace/item/1193858676253480"
"Rod Stewart","Out of Order","90","https://www.facebook.com/marketplace/item/1193858676253480"
"Haywire","Don't Just Stand There","90","https://www.facebook.com/marketplace/item/1193858676253480"
"Billy Squier","Don't Say No","1","https://www.facebook.com/marketplace/item/1250100100269501"
"Headpins","Headpins","1","https://www.facebook.com/marketplace/item/757952243986146"
"Judas Priest","Point of Entry","1","https://www.facebook.com/marketplace/item/757952243986146"
"Queen","A Night at the Opera","1","https://www.facebook.com/marketplace/item/757952243986146"
"Queen","A Day at the Races","1","https://www.facebook.com/marketplace/item/757952243986146"
"Fleetwood Mac","Greatest Hits","1","https://www.facebook.com/marketplace/item/757952243986146"
"Jimi Hendrix","Original Video Soundtrack","1","https://www.facebook.com/marketplace/item/757952243986146"
"David Bowie","Low","1","https://www.facebook.com/marketplace/item/757952243986146"
"Taylor Swift","1989","160","https://www.facebook.com/marketplace/item/1697511871114299"
"Snoop Dogg","Missionary","160","https://www.facebook.com/marketplace/item/1697511871114299"
"Mick Jagger","Primitive Cool","1","https://www.facebook.com/marketplace/item/2645176635846718"
"The Rolling Stones","Mixed Emotions","1","https://www.facebook.com/marketplace/item/2645176635846718"
"The Rolling Stones","Still Life","1","https://www.facebook.com/marketplace/item/2645176635846718"
"The Rolling Stones","Goats Head Soup","1","https://www.facebook.com/marketplace/item/2645176635846718"
"The Rolling Stones","Sucking in the Seventies","1","https://www.facebook.com/marketplace/item/2645176635846718"
"The Rolling Stones","Beggars Banquet","1","https://www.facebook.com/marketplace/item/2645176635846718"
"The Rolling Stones","Steel Wheels","1","https://www.facebook.com/marketplace/item/2645176635846718"
"The Rolling Stones","Got Live If You Want It!","1","https://www.facebook.com/marketplace/item/2645176635846718"
"The Rolling Stones","Through the Past, Darkly (Big Hits Vol. 2)","1","https://www.facebook.com/marketplace/item/2645176635846718"
"The Rolling Stones","Love You Live","1","https://www.facebook.com/marketplace/item/2645176635846718"
"The Rolling Stones","Some Girls","1","https://www.facebook.com/marketplace/item/2645176635846718"
"The Rolling Stones","It's Only Rock 'n Roll","1","https://www.facebook.com/marketplace/item/2645176635846718"
"The Rolling Stones","Undercover","1","https://www.facebook.com/marketplace/item/2645176635846718"
"The Beatles","Beatles VI","1","https://www.facebook.com/marketplace/item/1278141901125193"
"The Beatles","Beatles '65","1","https://www.facebook.com/marketplace/item/1278141901125193"
"The Beatles","Rubber Soul","1","https://www.facebook.com/marketplace/item/1278141901125193"
"The Beatles","The Early Beatles","1","https://www.facebook.com/marketplace/item/1278141901125193"
"Wings","Wings Greatest","1","https://www.facebook.com/marketplace/item/1278141901125193"
"The Beatles","Yesterday and Today","1","https://www.facebook.com/marketplace/item/1278141901125193"
"The Beatles","Love Songs","1","https://www.facebook.com/marketplace/item/1278141901125193"
"The Beatles","The Beatles' Second Album","1","https://www.facebook.com/marketplace/item/1278141901125193"
"The Beatles","Meet the Beatles!","1","https://www.facebook.com/marketplace/item/1278141901125193"
"The Beatles","Long Tall Sally","1","https://www.facebook.com/marketplace/item/1278141901125193"
"Commodores","Commodores","1","https://www.facebook.com/marketplace/item/615618517897663"
"The Cars","Heartbeat City","1","https://www.facebook.com/marketplace/item/615618517897663"
"Various Artists","Super Tracks","1","https://www.facebook.com/marketplace/item/615618517897663"
"Dan Fogelberg","Phoenix","1","https://www.facebook.com/marketplace/item/615618517897663"
"Saga","Silent Knight","1","https://www.facebook.com/marketplace/item/615618517897663"
"Various Artists","Hit Action","1","https://www.facebook.com/marketplace/item/615618517897663"
"The Good Brothers","The Good Brothers","1","https://www.facebook.com/marketplace/item/615618517897663"
"Journey","Escape","1","https://www.facebook.com/marketplace/item/615618517897663"
"Gerry Rafferty","City to City","1","https://www.facebook.com/marketplace/item/615618517897663"
"USA for Africa","We Are the World","1","https://www.facebook.com/marketplace/item/615618517897663"
"Stevie Wonder","Characters","1","https://www.facebook.com/marketplace/item/615618517897663"
"Yes","Going for the One","1","https://www.facebook.com/marketplace/item/615618517897663"
"AC/DC","Blow Up Your Video","1","https://www.facebook.com/marketplace/item/615618517897663"
"Captain & Tennille","Come In from the Rain","1","https://www.facebook.com/marketplace/item/615618517897663"
"Streetheart","Drugstore Dancer","1","https://www.facebook.com/marketplace/item/615618517897663"
"Rick Springfield","Working Class Dog","1","https://www.facebook.com/marketplace/item/615618517897663"
"Gordon Lightfoot","Gord's Gold Volume II","1","https://www.facebook.com/marketplace/item/615618517897663"
"Bee Gees","Spirits Having Flown","1","https://www.facebook.com/marketplace/item/615618517897663"
"Various Artists","Rock 'N' Roll Greats","1","https://www.facebook.com/marketplace/item/615618517897663"
"Rush","Caress of Steel","1","https://www.facebook.com/marketplace/item/615618517897663"
"Patti LaBelle and Michael McDonald","On My Own","1","https://www.facebook.com/marketplace/item/615618517897663"
"Streetheart","Under Heaven Over Hell","1","https://www.facebook.com/marketplace/item/615618517897663"
"Various Artists","Gold & Platinum","1","https://www.facebook.com/marketplace/item/615618517897663"
"Phil Collins","Face Value","1","https://www.facebook.com/marketplace/item/615618517897663"
"ABBA","The Album","1","https://www.facebook.com/marketplace/item/615618517897663"
"Air Supply","The One That You Love","1","https://www.facebook.com/marketplace/item/615618517897663"
"The Mamas & The Papas","Deliver","1","https://www.facebook.com/marketplace/item/615618517897663"
"Jim Croce","Photographs & Memories: His Greatest Hits","1","https://www.facebook.com/marketplace/item/615618517897663"
"Marianne Faithfull","Dangerous Acquaintances","1","https://www.facebook.com/marketplace/item/615618517897663"
"Meat Loaf","Dead Ringer","1","https://www.facebook.com/marketplace/item/615618517897663"
"Lighthouse","Lighthouse Live!","1","https://www.facebook.com/marketplace/item/615618517897663"
"Lionel Richie","Can't Slow Down","1","https://www.facebook.com/marketplace/item/615618517897663"
"Lionel Richie","Lionel Richie","1","https://www.facebook.com/marketplace/item/615618517897663"
"Bryan Adams","Reckless","1","https://www.facebook.com/marketplace/item/615618517897663"
"Bryan Adams","Cuts Like a Knife","1","https://www.facebook.com/marketplace/item/615618517897663"
"Village People","Macho Man","1","https://www.facebook.com/marketplace/item/615618517897663"
"Wings","Wings over America","1","https://www.facebook.com/marketplace/item/615618517897663"
"Outlaws","Hurry Sundown","1","https://www.facebook.com/marketplace/item/615618517897663"
"Barbra Streisand","Wet","1","https://www.facebook.com/marketplace/item/615618517897663"
"The Cars","Door to Door","1","https://www.facebook.com/marketplace/item/615618517897663"
"AC/DC","Fly on the Wall","1","https://www.facebook.com/marketplace/item/615618517897663"
"The Cars","The Cars","1","https://www.facebook.com/marketplace/item/615618517897663"
"Various Artists","22 Top Chart Hits","1","https://www.facebook.com/marketplace/item/615618517897663"
"Boston","Third Stage","15","https://www.facebook.com/marketplace/item/1452677179564219"
"Triumph","Thunder Seven","15","https://www.facebook.com/marketplace/item/1452677179564219"
"Billy Joel","Streetlife Serenade","15","https://www.facebook.com/marketplace/item/1452677179564219"
"Chicago","Chicago VI","15","https://www.facebook.com/marketplace/item/1452677179564219"
"Leonard Cohen","I'm Your Man","15","https://www.facebook.com/marketplace/item/1452677179564219"
"Foreigner","Double Vision","15","https://www.facebook.com/marketplace/item/1452677179564219"
"Foreigner","Head Games","15","https://www.facebook.com/marketplace/item/1452677179564219"
"Bruce Hornsby and the Range","The Way It Is","15","https://www.facebook.com/marketplace/item/1452677179564219"
